-- phpMyAdmin SQL Dump
-- version 4.5.4.1deb2ubuntu2
-- http://www.phpmyadmin.net
--
-- Host: localhost
-- Generation Time: Sep 27, 2016 at 05:08 PM
-- Server version: 5.7.15-0ubuntu0.16.04.1
-- PHP Version: 7.0.11-1+deb.sury.org~xenial+1

SET SQL_MODE = "NO_AUTO_VALUE_ON_ZERO";
SET time_zone = "+00:00";


/*!40101 SET @OLD_CHARACTER_SET_CLIENT=@@CHARACTER_SET_CLIENT */;
/*!40101 SET @OLD_CHARACTER_SET_RESULTS=@@CHARACTER_SET_RESULTS */;
/*!40101 SET @OLD_COLLATION_CONNECTION=@@COLLATION_CONNECTION */;
/*!40101 SET NAMES utf8mb4 */;

--
-- Database: `idkeeper`
--

-- --------------------------------------------------------

--
-- Table structure for table `group_data`
--

CREATE TABLE `group_data` (
  `id` int(11) NOT NULL,
  `groups` varchar(50) DEFAULT NULL
) ENGINE=InnoDB DEFAULT CHARSET=latin1;

--
-- Dumping data for table `group_data`
--

INSERT INTO `group_data` (`id`, `groups`) VALUES
(1, 'Food Chemist'),
(2, 'Sales Representative'),
(3, 'Automation Specialist II'),
(4, 'Assistant Manager'),
(5, 'Social Worker');

-- --------------------------------------------------------

--
-- Table structure for table `topic_data`
--

CREATE TABLE `topic_data` (
  `id` int(11) NOT NULL,
  `topic` varchar(50) DEFAULT NULL
) ENGINE=InnoDB DEFAULT CHARSET=latin1;

--
-- Dumping data for table `topic_data`
--

INSERT INTO `topic_data` (`id`, `topic`) VALUES
(1, 'transition real-time communities'),
(2, 'seize customized architectures'),
(3, 'reintermediate ubiquitous communities'),
(4, 'strategize leading-edge metrics'),
(5, 'synthesize transparent interfaces');

-- --------------------------------------------------------

--
-- Table structure for table `train_data`
--

CREATE TABLE `train_data` (
  `id` int(11) NOT NULL,
  `group_id` int(11) DEFAULT NULL,
  `topic_id` int(11) DEFAULT NULL,
  `first_name` varchar(50) DEFAULT NULL,
  `last_name` varchar(50) DEFAULT NULL,
  `email` varchar(50) DEFAULT NULL,
  `gender` varchar(50) DEFAULT NULL,
  `phone_no` varchar(50) DEFAULT NULL,
  `place` varchar(50) DEFAULT NULL,
  `image` varchar(100) DEFAULT NULL
) ENGINE=InnoDB DEFAULT CHARSET=latin1;

--
-- Dumping data for table `train_data`
--

INSERT INTO `train_data` (`id`, `group_id`, `topic_id`, `first_name`, `last_name`, `email`, `gender`, `phone_no`, `place`, `image`) VALUES
(1, 5, 3, 'Justin', 'Perry', 'jperry0@homestead.com', 'Male', '57-(141)158-5353', 'Santo Tomás', 'https://robohash.org/eteosquaerat.png?size=150x150&set=set1'),
(2, 3, 1, 'Stephen', 'Cole', 'scole1@oaic.gov.au', 'Male', '387-(263)597-6787', 'Gra?anica', 'https://robohash.org/optiodelenitivoluptatem.jpg?size=150x150&set=set1'),
(3, 1, 1, 'Aaron', 'Nichols', 'anichols2@jigsy.com', 'Male', '1-(412)655-1216', 'Pittsburgh', 'https://robohash.org/etsintfugiat.png?size=150x150&set=set1'),
(4, 1, 4, 'Anne', 'Miller', 'amiller3@comsenz.com', 'Female', '1-(214)466-3784', 'Garland', 'https://robohash.org/quibusdamatqueenim.png?size=150x150&set=set1'),
(5, 4, 1, 'Lillian', 'Murray', 'lmurray4@clickbank.net', 'Female', '86-(694)276-7640', 'Banqiao', 'https://robohash.org/aliasiustoid.bmp?size=150x150&set=set1'),
(6, 5, 3, 'Clarence', 'Bell', 'cbell5@t-online.de', 'Male', '420-(521)515-1148', 'Hovorany', 'https://robohash.org/eaestnon.jpg?size=150x150&set=set1'),
(7, 5, 5, 'Emily', 'Ruiz', 'eruiz6@japanpost.jp', 'Female', '93-(490)513-3696', 'Qarq?n', 'https://robohash.org/iureipsammodi.jpg?size=150x150&set=set1'),
(8, 4, 2, 'Carolyn', 'Burton', 'cburton7@livejournal.com', 'Female', '1-(202)944-8418', 'Washington', 'https://robohash.org/nequenihilet.png?size=150x150&set=set1'),
(9, 1, 1, 'Ernest', 'Day', 'eday8@dot.gov', 'Male', '351-(802)978-3323', 'Quintã', 'https://robohash.org/molestiaererumipsa.bmp?size=150x150&set=set1'),
(10, 3, 2, 'Wanda', 'Kelly', 'wkelly9@cbc.ca', 'Female', '55-(914)173-5900', 'Capivari', 'https://robohash.org/solutaaspernatureos.bmp?size=150x150&set=set1'),
(11, 5, 4, 'Wayne', 'Hunter', 'whuntera@biglobe.ne.jp', 'Male', '351-(888)825-3251', 'Cabrela', 'https://robohash.org/aliquamaperiamest.jpg?size=150x150&set=set1'),
(12, 1, 2, 'Cynthia', 'Ellis', 'cellisb@ihg.com', 'Female', '55-(552)810-8255', 'Capanema', 'https://robohash.org/laboriosamaliasquia.bmp?size=150x150&set=set1'),
(13, 4, 3, 'Raymond', 'Turner', 'rturnerc@toplist.cz', 'Male', '30-(527)330-9745', 'Akráta', 'https://robohash.org/sedpossimusmagni.jpg?size=150x150&set=set1'),
(14, 3, 2, 'Ernest', 'Hall', 'ehalld@scientificamerican.com', 'Male', '351-(861)702-8805', 'Lagoa de Albufeira', 'https://robohash.org/etestmaxime.bmp?size=150x150&set=set1'),
(15, 5, 4, 'Judy', 'Kelly', 'jkellye@guardian.co.uk', 'Female', '86-(977)739-6564', 'Huwei', 'https://robohash.org/dictanobisvoluptatum.bmp?size=150x150&set=set1'),
(16, 3, 3, 'Bobby', 'Peterson', 'bpetersonf@posterous.com', 'Male', '31-(632)756-5310', 'Amsterdam Westpoort', 'https://robohash.org/suscipitrerumblanditiis.png?size=150x150&set=set1'),
(17, 3, 2, 'Karen', 'Reid', 'kreidg@bravesites.com', 'Female', '30-(723)784-5907', 'Psychikó', 'https://robohash.org/voluptatumsolutamaiores.bmp?size=150x150&set=set1'),
(18, 4, 3, 'Irene', 'Hawkins', 'ihawkinsh@newyorker.com', 'Female', '46-(454)427-2972', 'Stockholm', 'https://robohash.org/nonautmollitia.jpg?size=150x150&set=set1'),
(19, 4, 5, 'Diana', 'Walker', 'dwalkeri@g.co', 'Female', '63-(570)928-9567', 'Alacaygan', 'https://robohash.org/facilisestdolorem.jpg?size=150x150&set=set1'),
(20, 2, 2, 'Gregory', 'Hunt', 'ghuntj@fotki.com', 'Male', '1-(151)162-2666', 'Port Elizabeth', 'https://robohash.org/excepturivoluptasunde.bmp?size=150x150&set=set1'),
(21, 1, 3, 'Kenneth', 'Reynolds', 'kreynoldsk@cargocollective.com', 'Male', '256-(867)726-1266', 'Ngora', 'https://robohash.org/magnamperferendisrepellendus.jpg?size=150x150&set=set1'),
(22, 1, 4, 'Heather', 'Jackson', 'hjacksonl@bluehost.com', 'Female', '52-(575)559-8068', 'San Luis', 'https://robohash.org/essemolestiaevelit.jpg?size=150x150&set=set1'),
(23, 1, 5, 'Alan', 'Pierce', 'apiercem@clickbank.net', 'Male', '46-(838)712-9891', 'Helsingborg', 'https://robohash.org/molestiaelaborumomnis.bmp?size=150x150&set=set1'),
(24, 5, 4, 'Robin', 'Oliver', 'rolivern@ebay.com', 'Female', '7-(958)920-2763', 'Stodolishche', 'https://robohash.org/consequaturadimpedit.png?size=150x150&set=set1'),
(25, 5, 4, 'Julia', 'Cunningham', 'jcunninghamo@multiply.com', 'Female', '380-(346)602-0536', 'Monastyryshche', 'https://robohash.org/laboriosamiureaperiam.jpg?size=150x150&set=set1'),
(26, 1, 3, 'Cheryl', 'Simpson', 'csimpsonp@t.co', 'Female', '356-(196)945-3398', 'Saint John', 'https://robohash.org/corporisvoluptatevoluptas.jpg?size=150x150&set=set1'),
(27, 5, 1, 'Joseph', 'Johnson', 'jjohnsonq@deviantart.com', 'Male', '86-(580)915-9808', 'Wushan', 'https://robohash.org/facereeosconsequuntur.jpg?size=150x150&set=set1'),
(28, 3, 4, 'Gerald', 'Adams', 'gadamsr@cmu.edu', 'Male', '62-(493)501-4661', 'Ngembel', 'https://robohash.org/sapientemolestiasvoluptatem.bmp?size=150x150&set=set1'),
(29, 3, 3, 'Samuel', 'Lewis', 'slewiss@abc.net.au', 'Male', '33-(563)101-6895', 'Clermont-Ferrand', 'https://robohash.org/tenetursapienteitaque.png?size=150x150&set=set1'),
(30, 3, 1, 'Patricia', 'Davis', 'pdavist@yellowbook.com', 'Female', '81-(290)583-8440', 'Toyooka', 'https://robohash.org/velitdebitisquisquam.png?size=150x150&set=set1'),
(31, 1, 5, 'Brandon', 'Arnold', 'barnoldu@wikipedia.org', 'Male', '62-(448)640-0508', 'Bagangan', 'https://robohash.org/nemoipsamet.bmp?size=150x150&set=set1'),
(32, 3, 2, 'Larry', 'Gray', 'lgrayv@ucsd.edu', 'Male', '86-(377)832-3286', 'Gudong', 'https://robohash.org/autiurevoluptates.png?size=150x150&set=set1'),
(33, 3, 4, 'Stephen', 'Gonzalez', 'sgonzalezw@merriam-webster.com', 'Male', '7-(352)312-3910', 'Lesnikovo', 'https://robohash.org/etaccusantiumrerum.png?size=150x150&set=set1'),
(34, 2, 5, 'Ryan', 'Fisher', 'rfisherx@yale.edu', 'Male', '62-(356)413-0767', 'Ankola', 'https://robohash.org/sapientenatusdolores.bmp?size=150x150&set=set1'),
(35, 1, 2, 'Lisa', 'Dixon', 'ldixony@ning.com', 'Female', '63-(631)581-6969', 'Becerril', 'https://robohash.org/atqueperferendisquia.bmp?size=150x150&set=set1'),
(36, 4, 3, 'Janet', 'Allen', 'jallenz@joomla.org', 'Female', '86-(123)246-1078', 'Fanzhuang', 'https://robohash.org/ametculpadebitis.bmp?size=150x150&set=set1'),
(37, 3, 5, 'Todd', 'Cruz', 'tcruz10@jalbum.net', 'Male', '63-(507)796-3699', 'San Luis', 'https://robohash.org/quisestid.bmp?size=150x150&set=set1'),
(38, 4, 1, 'Joan', 'Spencer', 'jspencer11@wikia.com', 'Female', '51-(869)257-4404', 'Acas', 'https://robohash.org/quifugiatut.bmp?size=150x150&set=set1'),
(39, 2, 2, 'Albert', 'Garrett', 'agarrett12@yelp.com', 'Male', '86-(392)409-9672', 'Majie', 'https://robohash.org/animinostrumqui.bmp?size=150x150&set=set1'),
(40, 2, 2, 'Tammy', 'Evans', 'tevans13@google.it', 'Female', '62-(965)363-3046', 'Modosinal', 'https://robohash.org/commodifugaconsequatur.png?size=150x150&set=set1'),
(41, 2, 3, 'Randy', 'Lewis', 'rlewis14@ocn.ne.jp', 'Male', '63-(507)622-7993', 'Upig', 'https://robohash.org/sequiquaeenim.png?size=150x150&set=set1'),
(42, 3, 2, 'George', 'Hamilton', 'ghamilton15@ask.com', 'Male', '92-(514)652-2360', 'Sobh?dero', 'https://robohash.org/etestest.jpg?size=150x150&set=set1'),
(43, 3, 3, 'Barbara', 'Bennett', 'bbennett16@ucsd.edu', 'Female', '86-(927)948-4485', 'Changxingbao', 'https://robohash.org/voluptasnesciuntnisi.jpg?size=150x150&set=set1'),
(44, 3, 2, 'Marie', 'Flores', 'mflores17@hexun.com', 'Female', '63-(675)855-6308', 'Tiguion', 'https://robohash.org/nihilexcepturisit.bmp?size=150x150&set=set1'),
(45, 3, 4, 'Harry', 'Flores', 'hflores18@narod.ru', 'Male', '86-(628)686-9018', 'Hushan', 'https://robohash.org/culpaquimollitia.bmp?size=150x150&set=set1'),
(46, 1, 3, 'Willie', 'Hill', 'whill19@independent.co.uk', 'Male', '55-(876)999-6949', 'Alagoinhas', 'https://robohash.org/cumutconsequatur.png?size=150x150&set=set1'),
(47, 1, 4, 'Emily', 'Ray', 'eray1a@themeforest.net', 'Female', '60-(971)623-0427', 'Kota Kinabalu', 'https://robohash.org/quaerattemporibusquasi.png?size=150x150&set=set1'),
(48, 2, 2, 'Walter', 'Peters', 'wpeters1b@imgur.com', 'Male', '1-(269)761-4048', 'Battle Creek', 'https://robohash.org/sapientevoluptatesenim.jpg?size=150x150&set=set1'),
(49, 3, 5, 'Emily', 'Spencer', 'espencer1c@constantcontact.com', 'Female', '385-(308)194-0040', 'Pridraga', 'https://robohash.org/consequunturdoloressequi.png?size=150x150&set=set1'),
(50, 3, 4, 'Christina', 'Chapman', 'cchapman1d@odnoklassniki.ru', 'Female', '386-(789)540-1480', 'Vitomarci', 'https://robohash.org/tenetursitconsequatur.png?size=150x150&set=set1'),
(51, 3, 2, 'Ronald', 'Jenkins', 'rjenkins1e@ftc.gov', 'Male', '62-(669)415-9700', 'Babakan', 'https://robohash.org/sintreiciendisquia.jpg?size=150x150&set=set1'),
(52, 4, 4, 'Sean', 'James', 'sjames1f@examiner.com', 'Male', '359-(356)963-2734', 'Lyaskovets', 'https://robohash.org/sitfugaet.bmp?size=150x150&set=set1'),
(53, 4, 4, 'Matthew', 'Romero', 'mromero1g@hc360.com', 'Male', '62-(426)668-8183', 'Sumbersari Wetan', 'https://robohash.org/exconsequaturearum.bmp?size=150x150&set=set1'),
(54, 4, 3, 'Jennifer', 'Wells', 'jwells1h@wix.com', 'Female', '62-(124)515-9339', 'Gunungjulang', 'https://robohash.org/namaperiamest.bmp?size=150x150&set=set1'),
(55, 2, 3, 'Ruby', 'Lewis', 'rlewis1i@sina.com.cn', 'Female', '86-(365)937-3267', 'Yanwan', 'https://robohash.org/numquamvitaeesse.png?size=150x150&set=set1'),
(56, 5, 5, 'Gregory', 'Duncan', 'gduncan1j@yahoo.com', 'Male', '670-(117)583-1143', 'Baucau', 'https://robohash.org/voluptatemquosit.bmp?size=150x150&set=set1'),
(57, 2, 2, 'Laura', 'Burns', 'lburns1k@earthlink.net', 'Female', '351-(756)686-7910', 'São Pedro', 'https://robohash.org/eosautemrem.png?size=150x150&set=set1'),
(58, 5, 4, 'Mildred', 'Owens', 'mowens1l@naver.com', 'Female', '58-(614)186-6631', 'Cabudare', 'https://robohash.org/siteumdolorem.png?size=150x150&set=set1'),
(59, 5, 2, 'Kenneth', 'Shaw', 'kshaw1m@theguardian.com', 'Male', '62-(410)351-9098', 'Babakankadu', 'https://robohash.org/sequinatusaut.jpg?size=150x150&set=set1'),
(60, 3, 3, 'Lori', 'Vasquez', 'lvasquez1n@rediff.com', 'Female', '7-(349)711-3377', 'Kovrov', 'https://robohash.org/consequaturetcorrupti.png?size=150x150&set=set1'),
(61, 3, 1, 'Carolyn', 'Anderson', 'canderson1o@google.es', 'Female', '33-(135)409-3792', 'Roanne', 'https://robohash.org/quiasimiliquecorrupti.jpg?size=150x150&set=set1'),
(62, 2, 1, 'Susan', 'Clark', 'sclark1p@devhub.com', 'Female', '351-(632)240-1826', 'Cabo de Vila', 'https://robohash.org/quiaquibusdamea.jpg?size=150x150&set=set1'),
(63, 4, 1, 'Ryan', 'Rodriguez', 'rrodriguez1q@psu.edu', 'Male', '351-(364)406-2736', 'Várzeas', 'https://robohash.org/expeditasedconsequuntur.bmp?size=150x150&set=set1'),
(64, 4, 1, 'Linda', 'Morris', 'lmorris1r@example.com', 'Female', '374-(915)844-8626', 'Tsovazard', 'https://robohash.org/velitquiqui.png?size=150x150&set=set1'),
(65, 2, 5, 'Kimberly', 'Ward', 'kward1s@alexa.com', 'Female', '86-(522)529-1017', 'Chenzui', 'https://robohash.org/remomnissunt.png?size=150x150&set=set1'),
(66, 5, 4, 'Judy', 'Owens', 'jowens1t@joomla.org', 'Female', '62-(843)145-4229', 'Malimaneek', 'https://robohash.org/nonquiadeserunt.bmp?size=150x150&set=set1'),
(67, 2, 5, 'Edward', 'Sims', 'esims1u@opera.com', 'Male', '267-(776)297-2612', 'Letlhakeng', 'https://robohash.org/solutanemoquia.bmp?size=150x150&set=set1'),
(68, 3, 1, 'Keith', 'Anderson', 'kanderson1v@rakuten.co.jp', 'Male', '359-(252)823-7126', 'Dulovo', 'https://robohash.org/consecteturexpeditased.bmp?size=150x150&set=set1'),
(69, 4, 2, 'Sean', 'Moore', 'smoore1w@wordpress.com', 'Male', '86-(106)250-1610', 'Qiuchuan', 'https://robohash.org/consequunturofficiiset.jpg?size=150x150&set=set1'),
(70, 2, 3, 'Christina', 'Moore', 'cmoore1x@globo.com', 'Female', '54-(692)874-8680', 'Cañuelas', 'https://robohash.org/accusamusmolestiaenihil.jpg?size=150x150&set=set1'),
(71, 2, 3, 'Sharon', 'Butler', 'sbutler1y@hud.gov', 'Female', '30-(848)403-5286', 'Keratéa', 'https://robohash.org/placeatetet.bmp?size=150x150&set=set1'),
(72, 4, 1, 'Frances', 'Bishop', 'fbishop1z@state.gov', 'Female', '55-(283)601-2416', 'Mata Grande', 'https://robohash.org/oditadatque.jpg?size=150x150&set=set1'),
(73, 4, 2, 'Joshua', 'Brooks', 'jbrooks20@auda.org.au', 'Male', '33-(893)971-0686', 'Vélizy-Villacoublay', 'https://robohash.org/voluptatemsuntsed.png?size=150x150&set=set1'),
(74, 2, 3, 'Paula', 'Pierce', 'ppierce21@sfgate.com', 'Female', '7-(685)895-1612', 'Mendeleyevo', 'https://robohash.org/quisminuseum.bmp?size=150x150&set=set1'),
(75, 1, 1, 'Kenneth', 'Reyes', 'kreyes22@clickbank.net', 'Male', '39-(561)798-0008', 'Genova', 'https://robohash.org/reiciendiscorporisdebitis.jpg?size=150x150&set=set1'),
(76, 2, 5, 'Carolyn', 'Rodriguez', 'crodriguez23@howstuffworks.com', 'Female', '7-(889)256-1854', 'Glyadyanskoye', 'https://robohash.org/solutaquiquidem.bmp?size=150x150&set=set1'),
(77, 5, 5, 'Barbara', 'Kim', 'bkim24@businessweek.com', 'Female', '53-(532)311-1815', 'Río Cauto', 'https://robohash.org/repellatetaut.bmp?size=150x150&set=set1'),
(78, 2, 1, 'George', 'Williamson', 'gwilliamson25@hubpages.com', 'Male', '57-(296)801-5929', 'Jamundí', 'https://robohash.org/adipisciundeincidunt.bmp?size=150x150&set=set1'),
(79, 2, 4, 'Bobby', 'Perkins', 'bperkins26@unesco.org', 'Male', '66-(222)452-0704', 'Si Mahosot', 'https://robohash.org/sitetullam.jpg?size=150x150&set=set1'),
(80, 5, 5, 'Deborah', 'Brown', 'dbrown27@pinterest.com', 'Female', '33-(909)353-6530', 'Fontenay-sous-Bois', 'https://robohash.org/eligendisintconsequuntur.bmp?size=150x150&set=set1'),
(81, 3, 2, 'Mary', 'Palmer', 'mpalmer28@parallels.com', 'Female', '968-(720)434-7658', 'Bidbid', 'https://robohash.org/nonaspernaturqui.bmp?size=150x150&set=set1'),
(82, 3, 1, 'Harold', 'Jackson', 'hjackson29@naver.com', 'Male', '86-(971)332-9675', 'Chongqing', 'https://robohash.org/cumaliquamtemporibus.jpg?size=150x150&set=set1'),
(83, 2, 5, 'Jeremy', 'Gardner', 'jgardner2a@imgur.com', 'Male', '86-(203)792-4372', 'Shixi', 'https://robohash.org/quisquamnameum.png?size=150x150&set=set1'),
(84, 3, 5, 'Doris', 'Owens', 'dowens2b@homestead.com', 'Female', '54-(656)738-9046', 'Allen', 'https://robohash.org/utminimaest.jpg?size=150x150&set=set1'),
(85, 4, 4, 'Susan', 'Johnston', 'sjohnston2c@oaic.gov.au', 'Female', '86-(450)130-2321', 'Xiongbei', 'https://robohash.org/eosdolorescommodi.png?size=150x150&set=set1'),
(86, 4, 1, 'Heather', 'Chapman', 'hchapman2d@reference.com', 'Female', '86-(914)580-4474', 'Pu’er', 'https://robohash.org/estipsamdeleniti.png?size=150x150&set=set1'),
(87, 3, 3, 'Ernest', 'Romero', 'eromero2e@last.fm', 'Male', '86-(752)853-6130', 'Xinmatou', 'https://robohash.org/sedreiciendisexcepturi.png?size=150x150&set=set1'),
(88, 5, 4, 'Julia', 'Bailey', 'jbailey2f@youku.com', 'Female', '62-(269)236-6231', 'Detupia', 'https://robohash.org/dolorumquossit.bmp?size=150x150&set=set1'),
(89, 3, 3, 'John', 'Butler', 'jbutler2g@google.com.br', 'Male', '7-(753)905-0968', 'Troparëvo', 'https://robohash.org/autemessemolestiae.bmp?size=150x150&set=set1'),
(90, 1, 2, 'Johnny', 'Stewart', 'jstewart2h@xrea.com', 'Male', '383-(629)505-2118', 'Suva Reka', 'https://robohash.org/fugiatpariaturlabore.png?size=150x150&set=set1'),
(91, 3, 3, 'Dorothy', 'Gilbert', 'dgilbert2i@netlog.com', 'Female', '62-(202)981-0090', 'Kenamoen', 'https://robohash.org/nobispariaturqui.jpg?size=150x150&set=set1'),
(92, 2, 4, 'William', 'Dixon', 'wdixon2j@ca.gov', 'Male', '976-(172)619-3173', 'Eg-Uur', 'https://robohash.org/dolorrepellatid.jpg?size=150x150&set=set1'),
(93, 4, 3, 'Fred', 'Robinson', 'frobinson2k@spiegel.de', 'Male', '48-(805)792-4884', 'Ma?kinia Górna', 'https://robohash.org/fugiatestdicta.png?size=150x150&set=set1'),
(94, 5, 3, 'Frank', 'Adams', 'fadams2l@globo.com', 'Male', '86-(750)386-3436', 'Xianghuaqiao', 'https://robohash.org/consequaturveltotam.jpg?size=150x150&set=set1'),
(95, 3, 4, 'Ronald', 'Lane', 'rlane2m@bluehost.com', 'Male', '86-(195)954-8161', 'Lancai', 'https://robohash.org/doloremquesuscipitomnis.png?size=150x150&set=set1'),
(96, 3, 2, 'Maria', 'Long', 'mlong2n@bluehost.com', 'Female', '62-(344)363-5567', 'Tanahedang', 'https://robohash.org/ametipsamquia.png?size=150x150&set=set1'),
(97, 2, 3, 'Jennifer', 'Spencer', 'jspencer2o@omniture.com', 'Female', '58-(443)587-2382', 'Encontrados', 'https://robohash.org/evenietearumnulla.jpg?size=150x150&set=set1'),
(98, 3, 2, 'Matthew', 'Arnold', 'marnold2p@i2i.jp', 'Male', '374-(467)879-8785', 'Masis', 'https://robohash.org/quisremquidem.png?size=150x150&set=set1'),
(99, 5, 1, 'Diane', 'Medina', 'dmedina2q@yellowpages.com', 'Female', '63-(736)719-7283', 'Mabiton', 'https://robohash.org/utdoloremnostrum.bmp?size=150x150&set=set1'),
(100, 4, 1, 'Nicole', 'Warren', 'nwarren2r@4shared.com', 'Female', '46-(883)545-4809', 'Stockholm', 'https://robohash.org/numquametdeserunt.jpg?size=150x150&set=set1'),
(101, 1, 2, 'Lisa', 'Meyer', 'lmeyer2s@discuz.net', 'Female', '358-(320)286-0811', 'Kalajoki', 'https://robohash.org/aperiamutcommodi.jpg?size=150x150&set=set1'),
(102, 2, 2, 'Ruby', 'Burke', 'rburke2t@deviantart.com', 'Female', '234-(607)788-2676', 'Mekkaw', 'https://robohash.org/nequeconsequatursed.png?size=150x150&set=set1'),
(103, 5, 2, 'Daniel', 'Brooks', 'dbrooks2u@histats.com', 'Male', '86-(580)831-5586', 'Baisha', 'https://robohash.org/laborumrepellatbeatae.png?size=150x150&set=set1'),
(104, 2, 2, 'Ryan', 'Kelly', 'rkelly2v@imdb.com', 'Male', '234-(945)812-4340', 'Abonnema', 'https://robohash.org/esseofficiaharum.png?size=150x150&set=set1'),
(105, 1, 2, 'Timothy', 'Perry', 'tperry2w@toplist.cz', 'Male', '86-(971)444-9191', 'Dalu', 'https://robohash.org/idenimdistinctio.png?size=150x150&set=set1'),
(106, 4, 5, 'Clarence', 'Johnston', 'cjohnston2x@mlb.com', 'Male', '63-(858)347-8971', 'Balingasag', 'https://robohash.org/doloresvoluptatemconsequuntur.bmp?size=150x150&set=set1'),
(107, 3, 4, 'Frank', 'Foster', 'ffoster2y@mozilla.com', 'Male', '86-(351)862-9711', 'Zhangdian', 'https://robohash.org/ipsumexplicabosed.png?size=150x150&set=set1'),
(108, 2, 1, 'Rose', 'Myers', 'rmyers2z@de.vu', 'Female', '86-(157)959-2664', 'Jiekou', 'https://robohash.org/nihiliustomagnam.png?size=150x150&set=set1'),
(109, 3, 4, 'Sandra', 'Jackson', 'sjackson30@telegraph.co.uk', 'Female', '54-(813)762-1406', 'Villa Allende', 'https://robohash.org/blanditiisliberodolor.png?size=150x150&set=set1'),
(110, 1, 3, 'Cheryl', 'Harvey', 'charvey31@marriott.com', 'Female', '351-(865)971-0307', 'Alquerubim', 'https://robohash.org/rerummolestiaevoluptas.bmp?size=150x150&set=set1'),
(111, 5, 2, 'Gary', 'Nguyen', 'gnguyen32@skype.com', 'Male', '86-(881)871-9547', 'Ji’an', 'https://robohash.org/reprehenderitautalias.jpg?size=150x150&set=set1'),
(112, 2, 5, 'Betty', 'Ortiz', 'bortiz33@lulu.com', 'Female', '63-(919)839-9387', 'Culasian', 'https://robohash.org/voluptatesnamquos.bmp?size=150x150&set=set1'),
(113, 2, 5, 'Douglas', 'Fields', 'dfields34@technorati.com', 'Male', '63-(333)895-4738', 'Cabugao', 'https://robohash.org/idassumendavel.bmp?size=150x150&set=set1'),
(114, 3, 3, 'Albert', 'Edwards', 'aedwards35@github.io', 'Male', '387-(499)416-9901', 'Maglajani', 'https://robohash.org/nullaetperspiciatis.jpg?size=150x150&set=set1'),
(115, 4, 2, 'Bruce', 'Foster', 'bfoster36@nationalgeographic.com', 'Male', '7-(720)224-6577', 'Stavropol’', 'https://robohash.org/quiconsequaturcupiditate.bmp?size=150x150&set=set1'),
(116, 5, 4, 'Martha', 'Hart', 'mhart37@theglobeandmail.com', 'Female', '7-(390)339-6048', 'Nadvoitsy', 'https://robohash.org/omnisomnisdolor.png?size=150x150&set=set1'),
(117, 1, 4, 'Stephanie', 'Scott', 'sscott38@walmart.com', 'Female', '62-(446)286-3298', 'Rora Timur', 'https://robohash.org/ametinlaboriosam.bmp?size=150x150&set=set1'),
(118, 2, 3, 'Evelyn', 'Morales', 'emorales39@auda.org.au', 'Female', '55-(605)525-1195', 'Almeirim', 'https://robohash.org/sintofficiaqui.png?size=150x150&set=set1'),
(119, 3, 3, 'Diane', 'Stone', 'dstone3a@shinystat.com', 'Female', '355-(214)804-5719', 'Sukth', 'https://robohash.org/quidemexcepturimodi.jpg?size=150x150&set=set1'),
(120, 5, 3, 'Christine', 'Hart', 'chart3b@wunderground.com', 'Female', '62-(802)806-3964', 'Sugiharjo', 'https://robohash.org/undecorruptiet.bmp?size=150x150&set=set1'),
(121, 3, 2, 'Judy', 'Barnes', 'jbarnes3c@cpanel.net', 'Female', '48-(998)693-3289', 'Nowy Dwór Gda?ski', 'https://robohash.org/eterrorbeatae.png?size=150x150&set=set1'),
(122, 4, 1, 'Doris', 'Johnson', 'djohnson3d@imgur.com', 'Female', '242-(248)313-4666', 'Bumba', 'https://robohash.org/estomnisut.bmp?size=150x150&set=set1'),
(123, 3, 3, 'Stephen', 'Griffin', 'sgriffin3e@sbwire.com', 'Male', '57-(176)588-4732', 'San Jacinto', 'https://robohash.org/temporainventorein.png?size=150x150&set=set1'),
(124, 3, 3, 'Teresa', 'Holmes', 'tholmes3f@tripod.com', 'Female', '386-(235)514-2177', 'Ormož', 'https://robohash.org/rationefacilisoptio.jpg?size=150x150&set=set1'),
(125, 1, 1, 'Paula', 'Hall', 'phall3g@prweb.com', 'Female', '81-(981)734-2333', 'Maizuru', 'https://robohash.org/solutaquamalias.jpg?size=150x150&set=set1'),
(126, 5, 1, 'Linda', 'Perry', 'lperry3h@yolasite.com', 'Female', '63-(861)199-4868', 'Santa Cruz', 'https://robohash.org/temporaipsamblanditiis.bmp?size=150x150&set=set1'),
(127, 5, 2, 'Carol', 'Banks', 'cbanks3i@google.pl', 'Female', '86-(218)620-3341', 'Jinshan', 'https://robohash.org/nonquasconsectetur.png?size=150x150&set=set1'),
(128, 3, 3, 'Carolyn', 'Freeman', 'cfreeman3j@sciencedaily.com', 'Female', '33-(136)739-3805', 'Neuilly-sur-Seine', 'https://robohash.org/velitcupiditateveritatis.png?size=150x150&set=set1'),
(129, 1, 5, 'Todd', 'Young', 'tyoung3k@behance.net', 'Male', '86-(667)567-6542', 'Ciyu', 'https://robohash.org/ameteaqueet.bmp?size=150x150&set=set1'),
(130, 4, 3, 'Jeffrey', 'Reyes', 'jreyes3l@newyorker.com', 'Male', '998-(582)992-2585', 'Kitob', 'https://robohash.org/enimremet.bmp?size=150x150&set=set1'),
(131, 3, 4, 'Edward', 'Schmidt', 'eschmidt3m@senate.gov', 'Male', '7-(355)424-1389', 'Peskovka', 'https://robohash.org/faceresapientelaudantium.png?size=150x150&set=set1'),
(132, 2, 3, 'William', 'Stevens', 'wstevens3n@facebook.com', 'Male', '232-(239)361-7743', 'Lago', 'https://robohash.org/officiisetveniam.png?size=150x150&set=set1'),
(133, 5, 4, 'Alan', 'Armstrong', 'aarmstrong3o@independent.co.uk', 'Male', '63-(424)836-0683', 'Lipahan', 'https://robohash.org/faceresaepeeos.bmp?size=150x150&set=set1'),
(134, 3, 5, 'Joseph', 'Franklin', 'jfranklin3p@merriam-webster.com', 'Male', '261-(304)671-4046', 'Fandriana', 'https://robohash.org/excepturidoloribusillum.png?size=150x150&set=set1'),
(135, 5, 5, 'Emily', 'Garcia', 'egarcia3q@quantcast.com', 'Female', '86-(694)758-1521', 'Beitan', 'https://robohash.org/pariaturconsequaturdolores.bmp?size=150x150&set=set1'),
(136, 5, 5, 'Dorothy', 'Patterson', 'dpatterson3r@loc.gov', 'Female', '86-(906)320-2681', 'Youchou', 'https://robohash.org/saepeiniste.bmp?size=150x150&set=set1'),
(137, 3, 1, 'Joe', 'Hill', 'jhill3s@macromedia.com', 'Male', '98-(773)636-4038', 'Langar?d', 'https://robohash.org/reiciendisautdicta.png?size=150x150&set=set1'),
(138, 1, 1, 'Andrew', 'Ross', 'aross3t@cornell.edu', 'Male', '55-(931)888-2991', 'Araguari', 'https://robohash.org/voluptatibusdolorsoluta.jpg?size=150x150&set=set1'),
(139, 5, 1, 'Craig', 'Watkins', 'cwatkins3u@unc.edu', 'Male', '86-(217)436-6415', 'Yinchuan', 'https://robohash.org/estfugiateaque.jpg?size=150x150&set=set1'),
(140, 4, 3, 'Heather', 'Wallace', 'hwallace3v@about.com', 'Female', '231-(941)217-7493', 'New Yekepa', 'https://robohash.org/utcommodiquaerat.bmp?size=150x150&set=set1'),
(141, 4, 5, 'Earl', 'Scott', 'escott3w@bloglines.com', 'Male', '994-(597)195-6016', 'A?da?', 'https://robohash.org/namlaboriosampossimus.bmp?size=150x150&set=set1'),
(142, 4, 5, 'Michelle', 'Rogers', 'mrogers3x@patch.com', 'Female', '86-(939)733-1749', 'Huangban', 'https://robohash.org/impeditquiaenim.png?size=150x150&set=set1'),
(143, 4, 3, 'Amy', 'Morales', 'amorales3y@go.com', 'Female', '351-(173)435-2761', 'Bouças', 'https://robohash.org/auttemporibusdolorem.jpg?size=150x150&set=set1'),
(144, 1, 3, 'Elizabeth', 'Simpson', 'esimpson3z@over-blog.com', 'Female', '269-(600)773-5148', 'Mamoudzou', 'https://robohash.org/impeditdignissimostotam.jpg?size=150x150&set=set1'),
(145, 4, 3, 'Ashley', 'Ross', 'aross40@dropbox.com', 'Female', '62-(464)479-5547', 'Kampungraja', 'https://robohash.org/voluptassuntiure.png?size=150x150&set=set1'),
(146, 3, 4, 'Helen', 'Harper', 'hharper41@privacy.gov.au', 'Female', '1-(237)631-5590', 'Maniwaki', 'https://robohash.org/eaqueminimaeum.jpg?size=150x150&set=set1'),
(147, 1, 4, 'Douglas', 'Wells', 'dwells42@tripod.com', 'Male', '220-(526)430-1118', 'Nyamanari', 'https://robohash.org/temporibusaperiammagni.png?size=150x150&set=set1'),
(148, 5, 2, 'Patricia', 'Alvarez', 'palvarez43@gizmodo.com', 'Female', '86-(880)941-1059', 'Baimajing', 'https://robohash.org/delectusoditvoluptatibus.bmp?size=150x150&set=set1'),
(149, 4, 3, 'Ruby', 'Moreno', 'rmoreno44@techcrunch.com', 'Female', '1-(808)710-4510', 'Honolulu', 'https://robohash.org/consecteturetdistinctio.png?size=150x150&set=set1'),
(150, 4, 5, 'Jacqueline', 'Bradley', 'jbradley45@loc.gov', 'Female', '62-(353)639-4345', 'Baleagung', 'https://robohash.org/aperiamcorporismolestiae.png?size=150x150&set=set1'),
(151, 3, 5, 'Lois', 'Gardner', 'lgardner46@theglobeandmail.com', 'Female', '963-(697)790-6141', 'Al Khushn?yah', 'https://robohash.org/utnatusodit.jpg?size=150x150&set=set1'),
(152, 4, 5, 'Janet', 'West', 'jwest47@netlog.com', 'Female', '1-(971)547-7381', 'Portland', 'https://robohash.org/sinteaquequi.png?size=150x150&set=set1'),
(153, 1, 4, 'Ruth', 'Porter', 'rporter48@seattletimes.com', 'Female', '63-(529)127-5093', 'Linmansangan', 'https://robohash.org/saepecupiditatecorrupti.jpg?size=150x150&set=set1'),
(154, 2, 4, 'Tammy', 'Lane', 'tlane49@boston.com', 'Female', '48-(920)284-8685', 'Nowe', 'https://robohash.org/possimusodioaut.png?size=150x150&set=set1'),
(155, 2, 1, 'Maria', 'Welch', 'mwelch4a@sohu.com', 'Female', '351-(732)310-4054', 'Estombar', 'https://robohash.org/etquaeconsequatur.jpg?size=150x150&set=set1'),
(156, 1, 3, 'Sarah', 'Reid', 'sreid4b@marriott.com', 'Female', '86-(629)173-6145', 'Zhoukou', 'https://robohash.org/quiavoluptasullam.png?size=150x150&set=set1'),
(157, 1, 2, 'Paul', 'Hayes', 'phayes4c@bluehost.com', 'Male', '385-(565)411-6899', 'Drenova', 'https://robohash.org/pariaturetquia.png?size=150x150&set=set1'),
(158, 1, 3, 'Denise', 'Hanson', 'dhanson4d@upenn.edu', 'Female', '994-(262)723-3905', 'Khirdalan', 'https://robohash.org/eosfugitaccusantium.bmp?size=150x150&set=set1'),
(159, 3, 1, 'Russell', 'Gonzalez', 'rgonzalez4e@hugedomains.com', 'Male', '62-(234)623-0883', 'Kotabumi', 'https://robohash.org/doloremvitaeeius.jpg?size=150x150&set=set1'),
(160, 3, 5, 'Mary', 'Jenkins', 'mjenkins4f@wix.com', 'Female', '230-(176)706-8841', 'Goodlands', 'https://robohash.org/velitvoluptateseligendi.png?size=150x150&set=set1'),
(161, 2, 4, 'Anna', 'Dean', 'adean4g@mapquest.com', 'Female', '86-(233)940-5508', 'Xiejiatan', 'https://robohash.org/sitsuscipitcorrupti.bmp?size=150x150&set=set1'),
(162, 1, 2, 'Juan', 'Edwards', 'jedwards4h@paypal.com', 'Male', '1-(140)751-7075', 'Stettler', 'https://robohash.org/recusandaeexcepturiut.bmp?size=150x150&set=set1'),
(163, 1, 2, 'Susan', 'Richards', 'srichards4i@mac.com', 'Female', '998-(836)142-8075', 'Koson Shahri', 'https://robohash.org/aaliasvero.png?size=150x150&set=set1'),
(164, 1, 5, 'Ashley', 'Ruiz', 'aruiz4j@mediafire.com', 'Female', '86-(165)434-3266', 'Lushikeng', 'https://robohash.org/dolorquasiinventore.jpg?size=150x150&set=set1'),
(165, 1, 3, 'Benjamin', 'Sullivan', 'bsullivan4k@istockphoto.com', 'Male', '62-(124)414-7537', 'Kalunan', 'https://robohash.org/modinonsunt.jpg?size=150x150&set=set1'),
(166, 4, 3, 'Christina', 'Griffin', 'cgriffin4l@51.la', 'Female', '86-(204)771-0148', 'Daqingshan', 'https://robohash.org/vitaereprehenderiteveniet.jpg?size=150x150&set=set1'),
(167, 5, 5, 'Sara', 'Reynolds', 'sreynolds4m@biblegateway.com', 'Female', '420-(100)126-9842', 'B?asy', 'https://robohash.org/ametsolutalaborum.bmp?size=150x150&set=set1'),
(168, 2, 5, 'Ruby', 'Riley', 'rriley4n@dailymail.co.uk', 'Female', '86-(629)627-4842', 'Jiayi', 'https://robohash.org/etvoluptasblanditiis.jpg?size=150x150&set=set1'),
(169, 4, 3, 'Jesse', 'White', 'jwhite4o@twitter.com', 'Male', '62-(961)709-9687', 'Garahaji', 'https://robohash.org/enimrepudiandaesimilique.jpg?size=150x150&set=set1'),
(170, 3, 4, 'Deborah', 'Kelley', 'dkelley4p@wiley.com', 'Female', '46-(444)502-2376', 'Hägersten', 'https://robohash.org/blanditiisenimbeatae.png?size=150x150&set=set1'),
(171, 1, 4, 'Jason', 'Daniels', 'jdaniels4q@businesswire.com', 'Male', '351-(576)254-1783', 'Oleiros', 'https://robohash.org/voluptateminciduntsimilique.jpg?size=150x150&set=set1'),
(172, 4, 2, 'Melissa', 'Robertson', 'mrobertson4r@gizmodo.com', 'Female', '380-(663)219-1131', 'Luhansk', 'https://robohash.org/fugitfacilisfacere.bmp?size=150x150&set=set1'),
(173, 1, 3, 'Anna', 'Little', 'alittle4s@oaic.gov.au', 'Female', '62-(247)513-1698', 'Binuangeun', 'https://robohash.org/quiasaepequis.bmp?size=150x150&set=set1'),
(174, 3, 2, 'Frances', 'Andrews', 'fandrews4t@prweb.com', 'Female', '380-(866)260-9121', 'Sivers’k', 'https://robohash.org/veritatiscorporissint.bmp?size=150x150&set=set1'),
(175, 5, 4, 'Benjamin', 'James', 'bjames4u@yale.edu', 'Male', '351-(372)239-6761', 'Casa Nova', 'https://robohash.org/voluptatumcommodidolor.bmp?size=150x150&set=set1'),
(176, 2, 1, 'Terry', 'Woods', 'twoods4v@prweb.com', 'Male', '385-(501)803-2034', 'Krasica', 'https://robohash.org/corporisquirecusandae.jpg?size=150x150&set=set1'),
(177, 4, 3, 'Amy', 'Andrews', 'aandrews4w@discuz.net', 'Female', '45-(210)843-3566', 'København', 'https://robohash.org/perferendisvelnisi.bmp?size=150x150&set=set1'),
(178, 4, 5, 'Gary', 'Bradley', 'gbradley4x@cnbc.com', 'Male', '57-(681)694-1978', 'Juan de Acosta', 'https://robohash.org/voluptatesdoloremqueimpedit.bmp?size=150x150&set=set1'),
(179, 2, 2, 'Judith', 'Simpson', 'jsimpson4y@go.com', 'Female', '62-(901)668-7373', 'Gunungpeundeuy', 'https://robohash.org/eligendidoloremcupiditate.bmp?size=150x150&set=set1'),
(180, 5, 2, 'Antonio', 'Rivera', 'arivera4z@studiopress.com', 'Male', '1-(334)712-8984', 'Montgomery', 'https://robohash.org/consecteturdolordolore.bmp?size=150x150&set=set1'),
(181, 4, 4, 'Rebecca', 'Gonzalez', 'rgonzalez50@geocities.com', 'Female', '20-(272)400-4796', 'Saint Catherine', 'https://robohash.org/repudiandaecorruptiplaceat.bmp?size=150x150&set=set1'),
(182, 5, 2, 'Kenneth', 'Fox', 'kfox51@wikimedia.org', 'Male', '351-(714)795-3374', 'Velas', 'https://robohash.org/quisedeos.png?size=150x150&set=set1'),
(183, 1, 1, 'Joan', 'Kim', 'jkim52@mashable.com', 'Female', '353-(661)388-8695', 'Monaghan', 'https://robohash.org/voluptatesquiaet.png?size=150x150&set=set1'),
(184, 1, 3, 'Judith', 'Tucker', 'jtucker53@merriam-webster.com', 'Female', '62-(135)477-5036', 'Cikuda', 'https://robohash.org/laudantiumenimaut.bmp?size=150x150&set=set1'),
(185, 1, 5, 'Dennis', 'Washington', 'dwashington54@miibeian.gov.cn', 'Male', '81-(146)334-9322', 'Tsukawaki', 'https://robohash.org/omnisdictaenim.bmp?size=150x150&set=set1'),
(186, 3, 4, 'Debra', 'Mccoy', 'dmccoy55@moonfruit.com', 'Female', '62-(295)949-8634', 'Gampang', 'https://robohash.org/architectoaccusamusinventore.bmp?size=150x150&set=set1'),
(187, 5, 5, 'Brenda', 'Clark', 'bclark56@pbs.org', 'Female', '81-(268)124-6322', '?mihachiman', 'https://robohash.org/impeditessetemporibus.jpg?size=150x150&set=set1'),
(188, 1, 3, 'Wayne', 'Gardner', 'wgardner57@hud.gov', 'Male', '48-(216)924-5890', 'Cedynia', 'https://robohash.org/reiciendisdistinctioest.jpg?size=150x150&set=set1'),
(189, 2, 4, 'Kenneth', 'Cruz', 'kcruz58@ask.com', 'Male', '46-(366)840-5925', 'Oskarshamn', 'https://robohash.org/illumvoluptatibuscorrupti.jpg?size=150x150&set=set1'),
(190, 2, 5, 'Lori', 'Austin', 'laustin59@slideshare.net', 'Female', '234-(950)113-7092', 'Otun', 'https://robohash.org/quaesequiiusto.jpg?size=150x150&set=set1'),
(191, 4, 3, 'Jeremy', 'Watkins', 'jwatkins5a@google.de', 'Male', '52-(561)110-8270', 'Vicente Guerrero', 'https://robohash.org/quoanimiquis.jpg?size=150x150&set=set1'),
(192, 4, 1, 'Theresa', 'Gonzales', 'tgonzales5b@rediff.com', 'Female', '86-(642)949-4895', 'Wenwusha', 'https://robohash.org/autidtempora.bmp?size=150x150&set=set1'),
(193, 3, 2, 'Willie', 'Hernandez', 'whernandez5c@dailymail.co.uk', 'Male', '373-(562)620-7510', 'Bender', 'https://robohash.org/ettemporafacere.jpg?size=150x150&set=set1'),
(194, 1, 1, 'Tina', 'Ruiz', 'truiz5d@deviantart.com', 'Female', '33-(968)362-5786', 'Antony', 'https://robohash.org/officiisreprehenderitrem.bmp?size=150x150&set=set1'),
(195, 3, 2, 'Julie', 'Cox', 'jcox5e@examiner.com', 'Female', '86-(862)765-5501', 'Hejia', 'https://robohash.org/istenumquampossimus.bmp?size=150x150&set=set1'),
(196, 2, 4, 'Antonio', 'Stanley', 'astanley5f@google.fr', 'Male', '351-(559)359-4093', 'Manhete', 'https://robohash.org/fugautalias.png?size=150x150&set=set1'),
(197, 2, 1, 'Jerry', 'Burns', 'jburns5g@spiegel.de', 'Male', '48-(954)774-5625', 'Mszana Dolna', 'https://robohash.org/autemestnihil.jpg?size=150x150&set=set1'),
(198, 5, 5, 'Nicole', 'Perry', 'nperry5h@nih.gov', 'Female', '86-(728)891-6314', 'Chengjiao', 'https://robohash.org/quiarepudiandaeexpedita.png?size=150x150&set=set1'),
(199, 2, 1, 'Justin', 'Harrison', 'jharrison5i@java.com', 'Male', '7-(895)336-0719', 'Smolenka', 'https://robohash.org/ipsametmaiores.png?size=150x150&set=set1'),
(200, 5, 3, 'Samuel', 'Olson', 'solson5j@studiopress.com', 'Male', '234-(487)861-6035', 'Holma', 'https://robohash.org/dolordoloremasperiores.png?size=150x150&set=set1'),
(201, 3, 3, 'Alice', 'Johnson', 'ajohnson5k@psu.edu', 'Female', '55-(319)388-2298', 'Lago da Pedra', 'https://robohash.org/sequisapienteet.png?size=150x150&set=set1'),
(202, 2, 3, 'Matthew', 'Powell', 'mpowell5l@illinois.edu', 'Male', '380-(208)825-1616', 'Fontanka', 'https://robohash.org/liberoassumendaqui.jpg?size=150x150&set=set1'),
(203, 1, 1, 'Jesse', 'Kim', 'jkim5m@hatena.ne.jp', 'Male', '86-(996)770-3777', 'Xin’an', 'https://robohash.org/illoeiusaut.png?size=150x150&set=set1'),
(204, 1, 4, 'Arthur', 'Collins', 'acollins5n@yolasite.com', 'Male', '63-(464)285-2541', 'San Jose', 'https://robohash.org/estquosullam.jpg?size=150x150&set=set1'),
(205, 2, 1, 'Jennifer', 'Wagner', 'jwagner5o@virginia.edu', 'Female', '964-(583)581-7068', 'Erbil', 'https://robohash.org/laudantiumenimvitae.jpg?size=150x150&set=set1'),
(206, 2, 1, 'Julia', 'Wells', 'jwells5p@seesaa.net', 'Female', '263-(295)171-1225', 'Insiza', 'https://robohash.org/eiuscorruptiatque.bmp?size=150x150&set=set1'),
(207, 3, 1, 'Joe', 'Palmer', 'jpalmer5q@chicagotribune.com', 'Male', '81-(418)273-6610', 'Shimonoseki', 'https://robohash.org/etaliquamodit.jpg?size=150x150&set=set1'),
(208, 2, 2, 'Cheryl', 'Berry', 'cberry5r@dedecms.com', 'Female', '86-(902)678-3268', 'Zhengguo', 'https://robohash.org/etquisanimi.png?size=150x150&set=set1'),
(209, 2, 2, 'Raymond', 'Spencer', 'rspencer5s@opera.com', 'Male', '353-(524)155-0029', 'Youghal', 'https://robohash.org/inenimenim.png?size=150x150&set=set1'),
(210, 3, 3, 'Christina', 'Chapman', 'cchapman5t@yandex.ru', 'Female', '358-(636)447-6305', 'Siilinjärvi', 'https://robohash.org/distinctioetvoluptas.png?size=150x150&set=set1'),
(211, 4, 3, 'Cheryl', 'Kelley', 'ckelley5u@hubpages.com', 'Female', '81-(860)586-1215', 'Komoro', 'https://robohash.org/voluptatibusimpeditunde.jpg?size=150x150&set=set1'),
(212, 1, 2, 'Jerry', 'Ray', 'jray5v@rakuten.co.jp', 'Male', '57-(481)310-1815', 'Cubará', 'https://robohash.org/vitaeiustoexplicabo.jpg?size=150x150&set=set1'),
(213, 5, 3, 'Timothy', 'Parker', 'tparker5w@phpbb.com', 'Male', '86-(425)350-6878', 'Heling', 'https://robohash.org/nonidnam.jpg?size=150x150&set=set1'),
(214, 2, 1, 'Mary', 'Fuller', 'mfuller5x@purevolume.com', 'Female', '48-(101)639-2451', 'Baranowo', 'https://robohash.org/consequatursaepemollitia.png?size=150x150&set=set1'),
(215, 1, 3, 'Amy', 'Baker', 'abaker5y@nps.gov', 'Female', '52-(855)626-9459', 'Benito Juarez', 'https://robohash.org/omnisautquibusdam.png?size=150x150&set=set1'),
(216, 1, 3, 'George', 'Carroll', 'gcarroll5z@aboutads.info', 'Male', '420-(479)689-8274', 'M?sto', 'https://robohash.org/quisexercitationemdolorum.jpg?size=150x150&set=set1'),
(217, 2, 1, 'Aaron', 'Jordan', 'ajordan60@cornell.edu', 'Male', '7-(976)923-6739', 'Bogolyubovo', 'https://robohash.org/sedlaboreenim.png?size=150x150&set=set1'),
(218, 2, 4, 'Louise', 'Castillo', 'lcastillo61@ebay.co.uk', 'Female', '963-(183)872-3693', 'Ar Ru?aybah', 'https://robohash.org/autsitrem.bmp?size=150x150&set=set1'),
(219, 2, 2, 'Ryan', 'Cunningham', 'rcunningham62@flickr.com', 'Male', '86-(442)405-5487', 'Dainan', 'https://robohash.org/ipsaducimusvoluptas.png?size=150x150&set=set1'),
(220, 2, 5, 'Phyllis', 'Oliver', 'poliver63@netlog.com', 'Female', '376-(485)384-8363', 'Canillo', 'https://robohash.org/eligendiuterror.bmp?size=150x150&set=set1'),
(221, 3, 2, 'Eric', 'Hart', 'ehart64@ucla.edu', 'Male', '62-(907)597-7466', 'Kembang', 'https://robohash.org/nisivoluptasquo.bmp?size=150x150&set=set1'),
(222, 1, 3, 'Anne', 'Gutierrez', 'agutierrez65@qq.com', 'Female', '504-(107)284-4791', 'Choloma', 'https://robohash.org/modiporrofuga.jpg?size=150x150&set=set1'),
(223, 1, 3, 'David', 'Harris', 'dharris66@canalblog.com', 'Male', '86-(450)557-9964', 'Nankengzi', 'https://robohash.org/deseruntnonnatus.jpg?size=150x150&set=set1'),
(224, 5, 4, 'Dennis', 'Mitchell', 'dmitchell67@cafepress.com', 'Male', '1-(609)853-6913', 'Trenton', 'https://robohash.org/excepturimodiminima.bmp?size=150x150&set=set1'),
(225, 4, 4, 'Kimberly', 'Oliver', 'koliver68@yellowpages.com', 'Female', '63-(721)375-3777', 'Biliran', 'https://robohash.org/fugiatquisnostrum.jpg?size=150x150&set=set1'),
(226, 4, 5, 'Willie', 'Woods', 'wwoods69@miitbeian.gov.cn', 'Male', '375-(910)442-7266', 'Karma', 'https://robohash.org/veniamconsequatursint.bmp?size=150x150&set=set1'),
(227, 4, 2, 'Harold', 'Fowler', 'hfowler6a@nps.gov', 'Male', '62-(146)607-0123', 'Karanggeneng', 'https://robohash.org/perspiciatisconsecteturaut.bmp?size=150x150&set=set1'),
(228, 2, 4, 'Marilyn', 'Wilson', 'mwilson6b@wikimedia.org', 'Female', '33-(718)759-0066', 'La Talaudière', 'https://robohash.org/consecteturdeseruntrecusandae.bmp?size=150x150&set=set1'),
(229, 1, 2, 'Mark', 'Garcia', 'mgarcia6c@ocn.ne.jp', 'Male', '351-(732)263-7210', 'Chãos', 'https://robohash.org/eumprovidentaut.jpg?size=150x150&set=set1'),
(230, 2, 4, 'Diane', 'Cunningham', 'dcunningham6d@cocolog-nifty.com', 'Female', '353-(355)413-2791', 'Blarney', 'https://robohash.org/voluptatemquasvoluptas.jpg?size=150x150&set=set1'),
(231, 1, 1, 'Jose', 'Sanders', 'jsanders6e@newyorker.com', 'Male', '251-(199)245-6655', 'Wenj?', 'https://robohash.org/magnaminciduntexpedita.bmp?size=150x150&set=set1'),
(232, 3, 2, 'Jack', 'Hernandez', 'jhernandez6f@geocities.com', 'Male', '81-(917)839-4330', 'Sakai-nakajima', 'https://robohash.org/quibusdamsednecessitatibus.jpg?size=150x150&set=set1'),
(233, 5, 1, 'Joseph', 'Carter', 'jcarter6g@hugedomains.com', 'Male', '63-(991)578-4247', 'Baliuag', 'https://robohash.org/accusamusipsumsunt.png?size=150x150&set=set1'),
(234, 5, 4, 'Maria', 'Bowman', 'mbowman6h@utexas.edu', 'Female', '44-(543)144-8131', 'Sutton', 'https://robohash.org/consequunturetdolores.jpg?size=150x150&set=set1'),
(235, 4, 5, 'Ralph', 'Phillips', 'rphillips6i@t-online.de', 'Male', '86-(793)765-4548', 'Jinlong', 'https://robohash.org/quietvitae.png?size=150x150&set=set1'),
(236, 3, 3, 'Carl', 'King', 'cking6j@senate.gov', 'Male', '62-(547)284-3162', 'Kaliuling', 'https://robohash.org/veritatissedrepudiandae.png?size=150x150&set=set1'),
(237, 4, 4, 'Paul', 'Harris', 'pharris6k@prlog.org', 'Male', '86-(161)317-9178', 'Dongguang', 'https://robohash.org/idquisquamaut.jpg?size=150x150&set=set1'),
(238, 2, 4, 'Katherine', 'Day', 'kday6l@friendfeed.com', 'Female', '93-(683)947-4359', 'Qaram Q?l', 'https://robohash.org/inciduntquoad.jpg?size=150x150&set=set1'),
(239, 2, 1, 'Joan', 'Collins', 'jcollins6m@angelfire.com', 'Female', '56-(351)986-2457', 'Las Animas', 'https://robohash.org/hicquivoluptas.png?size=150x150&set=set1'),
(240, 4, 5, 'Pamela', 'Robertson', 'probertson6n@freewebs.com', 'Female', '1-(317)268-9306', 'Indianapolis', 'https://robohash.org/possimusautcorrupti.bmp?size=150x150&set=set1'),
(241, 2, 2, 'Cynthia', 'Williams', 'cwilliams6o@w3.org', 'Female', '86-(155)894-7276', 'Fuzhiping', 'https://robohash.org/cumquepariaturodio.bmp?size=150x150&set=set1'),
(242, 4, 3, 'Steven', 'Jenkins', 'sjenkins6p@soup.io', 'Male', '86-(955)369-0688', 'Qingban', 'https://robohash.org/nequererumnatus.bmp?size=150x150&set=set1'),
(243, 4, 1, 'Edward', 'Hunt', 'ehunt6q@independent.co.uk', 'Male', '86-(892)585-1623', 'Zhangjiayuan', 'https://robohash.org/sapientedeleniticulpa.bmp?size=150x150&set=set1'),
(244, 5, 3, 'Heather', 'Powell', 'hpowell6r@squidoo.com', 'Female', '86-(624)348-1334', 'Baojiadian', 'https://robohash.org/utatqueharum.jpg?size=150x150&set=set1'),
(245, 3, 4, 'Mary', 'Owens', 'mowens6s@toplist.cz', 'Female', '371-(444)218-7479', 'Ape', 'https://robohash.org/commodietoccaecati.png?size=150x150&set=set1'),
(246, 2, 1, 'Bruce', 'Ryan', 'bryan6t@meetup.com', 'Male', '505-(900)283-9695', 'La Paz Centro', 'https://robohash.org/suntadat.png?size=150x150&set=set1'),
(247, 4, 5, 'Denise', 'Gray', 'dgray6u@weather.com', 'Female', '351-(529)965-7628', 'Linhares', 'https://robohash.org/eumimpeditvelit.png?size=150x150&set=set1'),
(248, 5, 2, 'Janice', 'Ross', 'jross6v@stumbleupon.com', 'Female', '63-(593)459-6410', 'Bakung', 'https://robohash.org/maximelaboresapiente.bmp?size=150x150&set=set1'),
(249, 3, 1, 'Lawrence', 'Griffin', 'lgriffin6w@latimes.com', 'Male', '86-(260)972-8365', 'Shahe', 'https://robohash.org/quivoluptateet.png?size=150x150&set=set1'),
(250, 4, 4, 'Jessica', 'Ray', 'jray6x@dmoz.org', 'Female', '234-(512)183-1466', 'Babura', 'https://robohash.org/aspernaturipsumdicta.jpg?size=150x150&set=set1'),
(251, 2, 4, 'Brian', 'Frazier', 'bfrazier6y@sphinn.com', 'Male', '46-(482)442-3324', 'Helsingborg', 'https://robohash.org/etfacereamet.png?size=150x150&set=set1'),
(252, 1, 3, 'Anna', 'Murray', 'amurray6z@marriott.com', 'Female', '46-(753)868-1903', 'Bromma', 'https://robohash.org/sitaspernaturdolorum.png?size=150x150&set=set1'),
(253, 2, 4, 'Jeffrey', 'Knight', 'jknight70@goodreads.com', 'Male', '7-(574)866-8557', 'Pizhanka', 'https://robohash.org/autveloccaecati.jpg?size=150x150&set=set1'),
(254, 4, 2, 'Kathleen', 'Franklin', 'kfranklin71@bbb.org', 'Female', '48-(668)940-8847', 'Kamieniec', 'https://robohash.org/facereipsumaperiam.jpg?size=150x150&set=set1'),
(255, 2, 1, 'Mildred', 'Johnson', 'mjohnson72@hubpages.com', 'Female', '55-(544)776-9539', 'Presidente Prudente', 'https://robohash.org/corruptiutet.jpg?size=150x150&set=set1'),
(256, 5, 5, 'Ann', 'Shaw', 'ashaw73@nba.com', 'Female', '49-(253)291-3782', 'Cottbus', 'https://robohash.org/nostrumvoluptatumtemporibus.png?size=150x150&set=set1'),
(257, 1, 5, 'Phyllis', 'Mills', 'pmills74@nbcnews.com', 'Female', '62-(900)552-7594', 'Banjar Paangkelod', 'https://robohash.org/etseddebitis.jpg?size=150x150&set=set1'),
(258, 3, 1, 'Judith', 'Smith', 'jsmith75@ustream.tv', 'Female', '86-(845)669-9168', 'Longtang', 'https://robohash.org/omnismolestiaetotam.jpg?size=150x150&set=set1'),
(259, 2, 2, 'Shawn', 'Kelley', 'skelley76@nih.gov', 'Male', '86-(285)960-1644', 'Taiba', 'https://robohash.org/nostrumdoloremea.png?size=150x150&set=set1'),
(260, 2, 2, 'Aaron', 'Montgomery', 'amontgomery77@usa.gov', 'Male', '86-(776)998-2151', 'Tatrang', 'https://robohash.org/autestsuscipit.jpg?size=150x150&set=set1'),
(261, 2, 1, 'Gloria', 'Watkins', 'gwatkins78@spotify.com', 'Female', '850-(288)648-3344', 'Hoeyang', 'https://robohash.org/maximeomnisautem.png?size=150x150&set=set1'),
(262, 1, 1, 'Phillip', 'Peterson', 'ppeterson79@marketwatch.com', 'Male', '62-(534)821-6047', 'Pasolapida', 'https://robohash.org/placeatipsaquaerat.bmp?size=150x150&set=set1'),
(263, 2, 5, 'Sharon', 'Elliott', 'selliott7a@aboutads.info', 'Female', '420-(629)558-7304', 'Velké Mezi?í?í', 'https://robohash.org/evenietquidemquis.jpg?size=150x150&set=set1'),
(264, 2, 1, 'Justin', 'Fernandez', 'jfernandez7b@upenn.edu', 'Male', '967-(235)589-1522', 'Ghayl B? Waz?r', 'https://robohash.org/estrationevoluptatem.jpg?size=150x150&set=set1'),
(265, 5, 1, 'Anne', 'Sanchez', 'asanchez7c@mlb.com', 'Female', '46-(999)149-2096', 'Bromma', 'https://robohash.org/remasperioreset.png?size=150x150&set=set1'),
(266, 3, 3, 'Alice', 'Ruiz', 'aruiz7d@printfriendly.com', 'Female', '82-(155)539-5644', 'Taesal-li', 'https://robohash.org/utquinumquam.bmp?size=150x150&set=set1'),
(267, 4, 5, 'Kevin', 'Davis', 'kdavis7e@mozilla.org', 'Male', '51-(759)840-3456', 'Saposoa', 'https://robohash.org/automnismagni.png?size=150x150&set=set1'),
(268, 2, 2, 'Earl', 'Griffin', 'egriffin7f@altervista.org', 'Male', '1-(352)292-8763', 'Ocala', 'https://robohash.org/velquiareprehenderit.png?size=150x150&set=set1'),
(269, 2, 5, 'Ashley', 'Fields', 'afields7g@lulu.com', 'Female', '86-(119)541-5655', 'Antang', 'https://robohash.org/nobisquirepellat.bmp?size=150x150&set=set1'),
(270, 2, 1, 'Frances', 'Hall', 'fhall7h@dyndns.org', 'Female', '63-(169)540-9031', 'San Agustin', 'https://robohash.org/nonautdelectus.jpg?size=150x150&set=set1'),
(271, 3, 2, 'Timothy', 'Boyd', 'tboyd7i@booking.com', 'Male', '995-(421)887-8594', 'Gali', 'https://robohash.org/explicaboquiaeaque.jpg?size=150x150&set=set1'),
(272, 4, 5, 'Susan', 'Fields', 'sfields7j@xinhuanet.com', 'Female', '55-(322)602-5796', 'São Sebastião do Caí', 'https://robohash.org/auttemporead.jpg?size=150x150&set=set1'),
(273, 1, 4, 'Kathy', 'Bishop', 'kbishop7k@unc.edu', 'Female', '62-(488)223-2069', 'Hamonggolele', 'https://robohash.org/sitdoloremquedolorem.bmp?size=150x150&set=set1'),
(274, 1, 3, 'Patrick', 'Stevens', 'pstevens7l@hostgator.com', 'Male', '62-(906)855-1476', 'Malausma Kidul', 'https://robohash.org/aliquidquodut.bmp?size=150x150&set=set1'),
(275, 4, 5, 'Jane', 'Hart', 'jhart7m@wordpress.org', 'Female', '48-(450)572-4370', 'Lubniewice', 'https://robohash.org/teneturpossimusofficia.png?size=150x150&set=set1'),
(276, 2, 3, 'Harold', 'Ellis', 'hellis7n@is.gd', 'Male', '504-(442)333-7442', 'Araulí', 'https://robohash.org/molestiaeminusdelectus.bmp?size=150x150&set=set1'),
(277, 1, 2, 'Shirley', 'Washington', 'swashington7o@geocities.jp', 'Female', '352-(188)440-4096', 'Steinsel', 'https://robohash.org/etseddolore.jpg?size=150x150&set=set1'),
(278, 3, 5, 'Judy', 'Coleman', 'jcoleman7p@answers.com', 'Female', '92-(489)920-7923', 'Kh?r?n', 'https://robohash.org/autemeaquisquam.jpg?size=150x150&set=set1'),
(279, 2, 3, 'Gloria', 'Harvey', 'gharvey7q@theglobeandmail.com', 'Female', '84-(935)857-2841', 'C?u Gi?y', 'https://robohash.org/dignissimosoptioipsa.bmp?size=150x150&set=set1'),
(280, 3, 3, 'Louise', 'Lawrence', 'llawrence7r@phoca.cz', 'Female', '55-(627)408-4097', 'Uruçuca', 'https://robohash.org/minusnecessitatibuslibero.jpg?size=150x150&set=set1'),
(281, 2, 3, 'Steven', 'Flores', 'sflores7s@ovh.net', 'Male', '63-(334)899-6893', 'Tanjay', 'https://robohash.org/errorutexplicabo.jpg?size=150x150&set=set1'),
(282, 1, 3, 'Sandra', 'Gilbert', 'sgilbert7t@ifeng.com', 'Female', '33-(527)627-4439', 'Paris 15', 'https://robohash.org/etvelitomnis.png?size=150x150&set=set1'),
(283, 3, 4, 'Fred', 'Stephens', 'fstephens7u@webnode.com', 'Male', '63-(392)576-2985', 'Manaulanan', 'https://robohash.org/undequiet.bmp?size=150x150&set=set1'),
(284, 3, 2, 'Theresa', 'Martin', 'tmartin7v@bloglovin.com', 'Female', '62-(205)901-2771', 'Balung', 'https://robohash.org/sedmagniex.png?size=150x150&set=set1'),
(285, 4, 5, 'Richard', 'Wells', 'rwells7w@paginegialle.it', 'Male', '48-(175)908-2073', 'Piotrków Kujawski', 'https://robohash.org/odiomagniveniam.png?size=150x150&set=set1'),
(286, 1, 2, 'Joan', 'Moreno', 'jmoreno7x@posterous.com', 'Female', '86-(225)281-2217', 'Dushang', 'https://robohash.org/quiaatmolestias.png?size=150x150&set=set1'),
(287, 1, 2, 'Kelly', 'Bishop', 'kbishop7y@naver.com', 'Female', '358-(611)583-8595', 'Töysä', 'https://robohash.org/magnamipsatempora.jpg?size=150x150&set=set1'),
(288, 5, 1, 'Dorothy', 'Snyder', 'dsnyder7z@yolasite.com', 'Female', '86-(963)627-7483', 'Xiangjiazhai', 'https://robohash.org/architectononvitae.png?size=150x150&set=set1'),
(289, 2, 4, 'Thomas', 'Dixon', 'tdixon80@naver.com', 'Male', '48-(628)595-2121', 'Ciel?dz', 'https://robohash.org/eaqueaspernaturcorporis.bmp?size=150x150&set=set1'),
(290, 1, 5, 'Donald', 'Shaw', 'dshaw81@goo.ne.jp', 'Male', '420-(997)689-8574', 'Ostrožská Nová Ves', 'https://robohash.org/autidquas.jpg?size=150x150&set=set1'),
(291, 2, 4, 'Lillian', 'Patterson', 'lpatterson82@toplist.cz', 'Female', '7-(506)203-3543', 'Dalakovo', 'https://robohash.org/facerererumsint.jpg?size=150x150&set=set1'),
(292, 4, 1, 'Daniel', 'Washington', 'dwashington83@abc.net.au', 'Male', '420-(230)592-8738', 'P?imda', 'https://robohash.org/ametexdolorum.bmp?size=150x150&set=set1'),
(293, 4, 3, 'Charles', 'Hudson', 'chudson84@java.com', 'Male', '27-(969)378-8120', 'Saldanha', 'https://robohash.org/eligendirerumin.jpg?size=150x150&set=set1'),
(294, 4, 4, 'Theresa', 'Owens', 'towens85@phpbb.com', 'Female', '7-(919)171-2693', 'Sorochinsk', 'https://robohash.org/nonestet.jpg?size=150x150&set=set1'),
(295, 2, 5, 'Bonnie', 'Russell', 'brussell86@ning.com', 'Female', '7-(107)807-3702', 'Voznesenskoye', 'https://robohash.org/odionisiut.png?size=150x150&set=set1'),
(296, 2, 5, 'Bonnie', 'Campbell', 'bcampbell87@wordpress.com', 'Female', '33-(868)546-7365', 'Lyon', 'https://robohash.org/quisquaminciduntrepellat.bmp?size=150x150&set=set1'),
(297, 1, 1, 'Brandon', 'Mcdonald', 'bmcdonald88@vinaora.com', 'Male', '20-(369)438-4952', 'Al J?zah', 'https://robohash.org/utnullasunt.png?size=150x150&set=set1'),
(298, 3, 1, 'Michelle', 'Martin', 'mmartin89@prlog.org', 'Female', '62-(876)481-8035', 'Insrom', 'https://robohash.org/ipsumomniscorporis.png?size=150x150&set=set1'),
(299, 5, 2, 'Randy', 'Brown', 'rbrown8a@omniture.com', 'Male', '86-(715)296-0417', 'Heshi', 'https://robohash.org/idatquedeleniti.jpg?size=150x150&set=set1'),
(300, 5, 5, 'Ryan', 'Boyd', 'rboyd8b@google.de', 'Male', '86-(336)275-5463', 'Jinsha', 'https://robohash.org/advoluptatemdignissimos.jpg?size=150x150&set=set1'),
(301, 1, 5, 'Kimberly', 'Bishop', 'kbishop8c@aol.com', 'Female', '86-(445)131-1718', 'Duzhou', 'https://robohash.org/veritatisestet.jpg?size=150x150&set=set1');
INSERT INTO `train_data` (`id`, `group_id`, `topic_id`, `first_name`, `last_name`, `email`, `gender`, `phone_no`, `place`, `image`) VALUES
(302, 1, 3, 'Timothy', 'Campbell', 'tcampbell8d@bbc.co.uk', 'Male', '27-(273)212-3340', 'Tembisa', 'https://robohash.org/porrorerumlaudantium.jpg?size=150x150&set=set1'),
(303, 4, 3, 'Steve', 'Lopez', 'slopez8e@noaa.gov', 'Male', '86-(589)985-6895', 'Xinxu', 'https://robohash.org/aspernaturfacilisminus.bmp?size=150x150&set=set1'),
(304, 5, 4, 'Catherine', 'Torres', 'ctorres8f@stanford.edu', 'Female', '48-(466)656-5917', 'Krasnystaw', 'https://robohash.org/eiusnumquamporro.bmp?size=150x150&set=set1'),
(305, 3, 3, 'Kelly', 'Myers', 'kmyers8g@infoseek.co.jp', 'Female', '48-(670)551-0306', '?arki-Letnisko', 'https://robohash.org/dignissimosdoloresquo.bmp?size=150x150&set=set1'),
(306, 5, 3, 'Beverly', 'Simpson', 'bsimpson8h@wunderground.com', 'Female', '420-(275)668-0251', 'Vrbovec', 'https://robohash.org/natusipsaofficiis.bmp?size=150x150&set=set1'),
(307, 1, 2, 'James', 'Adams', 'jadams8i@hatena.ne.jp', 'Male', '63-(484)311-4227', 'Mandaue City', 'https://robohash.org/omnisreprehenderitin.bmp?size=150x150&set=set1'),
(308, 5, 2, 'Katherine', 'Ray', 'kray8j@last.fm', 'Female', '86-(425)792-3548', 'Tiecun', 'https://robohash.org/eosaliquiddistinctio.png?size=150x150&set=set1'),
(309, 5, 5, 'Earl', 'Robertson', 'erobertson8k@fastcompany.com', 'Male', '86-(899)876-2316', 'Lianghekou', 'https://robohash.org/voluptateomnisquam.bmp?size=150x150&set=set1'),
(310, 4, 1, 'Chris', 'Hamilton', 'chamilton8l@fotki.com', 'Male', '48-(449)299-1128', 'S?upno', 'https://robohash.org/rerumdolorumexcepturi.png?size=150x150&set=set1'),
(311, 1, 2, 'James', 'Stevens', 'jstevens8m@blog.com', 'Male', '86-(947)389-3653', 'Xiamazhuang', 'https://robohash.org/atautfacilis.png?size=150x150&set=set1'),
(312, 3, 1, 'Judy', 'Morris', 'jmorris8n@mysql.com', 'Female', '420-(198)174-1309', 'Staré Hradišt?', 'https://robohash.org/molestiasdelenitiut.png?size=150x150&set=set1'),
(313, 1, 4, 'Pamela', 'Morales', 'pmorales8o@aol.com', 'Female', '212-(455)288-6779', 'Reggada', 'https://robohash.org/porroeaqueaperiam.jpg?size=150x150&set=set1'),
(314, 3, 2, 'Frank', 'Banks', 'fbanks8p@sciencedaily.com', 'Male', '62-(881)887-5081', 'Urungpigang', 'https://robohash.org/natusutnisi.png?size=150x150&set=set1'),
(315, 3, 4, 'Richard', 'Burns', 'rburns8q@vkontakte.ru', 'Male', '234-(636)426-9750', 'Danja', 'https://robohash.org/undeetlabore.bmp?size=150x150&set=set1'),
(316, 3, 2, 'Angela', 'Young', 'ayoung8r@walmart.com', 'Female', '55-(661)170-3507', 'Esplanada', 'https://robohash.org/sequimolestiaeea.jpg?size=150x150&set=set1'),
(317, 3, 1, 'Julie', 'Thompson', 'jthompson8s@slate.com', 'Female', '387-(569)177-8901', 'Pazari?', 'https://robohash.org/nobisvoluptatibuset.png?size=150x150&set=set1'),
(318, 5, 3, 'Richard', 'Hawkins', 'rhawkins8t@tripadvisor.com', 'Male', '92-(786)115-8434', 'Jamshoro', 'https://robohash.org/adautemcorporis.jpg?size=150x150&set=set1'),
(319, 4, 3, 'Clarence', 'Greene', 'cgreene8u@cloudflare.com', 'Male', '86-(887)989-9685', 'Xiyuan', 'https://robohash.org/delenitidoloralias.jpg?size=150x150&set=set1'),
(320, 1, 2, 'Harry', 'Russell', 'hrussell8v@illinois.edu', 'Male', '351-(332)381-2067', 'Figueiredo', 'https://robohash.org/utiureet.bmp?size=150x150&set=set1'),
(321, 4, 3, 'George', 'Griffin', 'ggriffin8w@ft.com', 'Male', '51-(988)540-1528', 'Sabandia', 'https://robohash.org/possimustemporenisi.jpg?size=150x150&set=set1'),
(322, 2, 1, 'Jerry', 'Bryant', 'jbryant8x@bloglovin.com', 'Male', '86-(719)877-2184', 'Yanjiang', 'https://robohash.org/asperioresoccaecatiut.jpg?size=150x150&set=set1'),
(323, 3, 5, 'Jack', 'Ruiz', 'jruiz8y@deviantart.com', 'Male', '86-(487)505-6468', 'Qilin', 'https://robohash.org/placeatutullam.bmp?size=150x150&set=set1'),
(324, 2, 5, 'Jose', 'Graham', 'jgraham8z@mozilla.org', 'Male', '33-(247)711-2923', 'Lescar', 'https://robohash.org/occaecatiplaceattemporibus.jpg?size=150x150&set=set1'),
(325, 5, 4, 'Elizabeth', 'Reynolds', 'ereynolds90@youku.com', 'Female', '55-(389)600-0945', 'Ibicaraí', 'https://robohash.org/laboreremasperiores.png?size=150x150&set=set1'),
(326, 5, 5, 'Maria', 'Green', 'mgreen91@google.com.au', 'Female', '380-(234)743-3099', 'Lebedyn', 'https://robohash.org/quivoluptateset.jpg?size=150x150&set=set1'),
(327, 1, 1, 'Chris', 'Reyes', 'creyes92@dot.gov', 'Male', '1-(702)618-3409', 'Las Vegas', 'https://robohash.org/magnamautemrerum.jpg?size=150x150&set=set1'),
(328, 1, 5, 'Heather', 'Arnold', 'harnold93@google.com', 'Female', '86-(134)608-7543', 'Shichuan', 'https://robohash.org/enimuteveniet.png?size=150x150&set=set1'),
(329, 4, 2, 'Mary', 'Austin', 'maustin94@ezinearticles.com', 'Female', '86-(130)514-6776', 'Changning', 'https://robohash.org/eosvoluptasnumquam.bmp?size=150x150&set=set1'),
(330, 1, 2, 'Christina', 'Hart', 'chart95@quantcast.com', 'Female', '62-(112)979-9558', 'Kelungkung', 'https://robohash.org/providentmaximeeos.png?size=150x150&set=set1'),
(331, 5, 2, 'Stephanie', 'Mendoza', 'smendoza96@cbsnews.com', 'Female', '39-(332)789-8874', 'Villanova', 'https://robohash.org/nontemporasunt.jpg?size=150x150&set=set1'),
(332, 1, 4, 'Peter', 'Barnes', 'pbarnes97@example.com', 'Male', '57-(678)716-6257', 'Florencia', 'https://robohash.org/eosdoloret.png?size=150x150&set=set1'),
(333, 5, 3, 'Thomas', 'Robertson', 'trobertson98@hostgator.com', 'Male', '7-(818)787-9023', 'Pskov', 'https://robohash.org/eaquealiquidrerum.jpg?size=150x150&set=set1'),
(334, 5, 4, 'Debra', 'Richardson', 'drichardson99@gravatar.com', 'Female', '351-(943)652-4675', 'Ladário', 'https://robohash.org/ametpariaturmolestiae.bmp?size=150x150&set=set1'),
(335, 2, 5, 'Theresa', 'Scott', 'tscott9a@hp.com', 'Female', '256-(354)889-1479', 'Ngora', 'https://robohash.org/quoinut.bmp?size=150x150&set=set1'),
(336, 5, 3, 'Rebecca', 'Oliver', 'roliver9b@bandcamp.com', 'Female', '7-(221)527-4593', 'Okhansk', 'https://robohash.org/veritatisminusdeleniti.png?size=150x150&set=set1'),
(337, 4, 2, 'Andrea', 'Chavez', 'achavez9c@google.it', 'Female', '62-(223)822-0837', 'Mbomba', 'https://robohash.org/ametinciduntaccusantium.bmp?size=150x150&set=set1'),
(338, 3, 1, 'Alice', 'Larson', 'alarson9d@google.com.au', 'Female', '33-(678)199-8693', 'Bordeaux', 'https://robohash.org/namtemporaquam.jpg?size=150x150&set=set1'),
(339, 1, 1, 'Lois', 'Elliott', 'lelliott9e@de.vu', 'Female', '886-(812)255-4884', 'Nangan', 'https://robohash.org/voluptatevelitnam.png?size=150x150&set=set1'),
(340, 4, 5, 'Melissa', 'Rivera', 'mrivera9f@prlog.org', 'Female', '351-(831)461-6363', 'Paranho', 'https://robohash.org/euminciduntvoluptates.bmp?size=150x150&set=set1'),
(341, 2, 4, 'Gerald', 'Stewart', 'gstewart9g@engadget.com', 'Male', '385-(752)156-6513', 'Vukovar', 'https://robohash.org/doloremquasiaccusamus.png?size=150x150&set=set1'),
(342, 2, 1, 'Billy', 'Ford', 'bford9h@cam.ac.uk', 'Male', '62-(275)582-3065', 'Dawuhan', 'https://robohash.org/delectusnonaccusantium.bmp?size=150x150&set=set1'),
(343, 3, 3, 'Fred', 'Boyd', 'fboyd9i@github.io', 'Male', '62-(309)914-9500', 'Duri', 'https://robohash.org/molestiaedeseruntut.jpg?size=150x150&set=set1'),
(344, 1, 5, 'Aaron', 'Freeman', 'afreeman9j@spotify.com', 'Male', '351-(249)831-6641', 'Leomil', 'https://robohash.org/providentmaioreseum.png?size=150x150&set=set1'),
(345, 5, 1, 'Mark', 'Gomez', 'mgomez9k@skype.com', 'Male', '7-(335)345-4208', 'Zelenograd', 'https://robohash.org/consequunturoccaecatiprovident.png?size=150x150&set=set1'),
(346, 3, 2, 'Bonnie', 'Rice', 'brice9l@tripadvisor.com', 'Female', '46-(902)264-5490', 'Vetlanda', 'https://robohash.org/adpossimusvoluptates.bmp?size=150x150&set=set1'),
(347, 2, 4, 'Karen', 'Graham', 'kgraham9m@unc.edu', 'Female', '237-(397)839-9391', 'Yagoua', 'https://robohash.org/harumfugitveniam.jpg?size=150x150&set=set1'),
(348, 4, 3, 'Linda', 'Gonzales', 'lgonzales9n@biglobe.ne.jp', 'Female', '47-(679)293-2923', 'Moss', 'https://robohash.org/estquodaccusamus.jpg?size=150x150&set=set1'),
(349, 2, 5, 'Susan', 'Richards', 'srichards9o@nasa.gov', 'Female', '86-(804)385-7544', 'Dongxi', 'https://robohash.org/iustosedaut.png?size=150x150&set=set1'),
(350, 4, 5, 'Charles', 'Kennedy', 'ckennedy9p@ucoz.com', 'Male', '46-(407)925-5032', 'Lidköping', 'https://robohash.org/etdistinctioesse.jpg?size=150x150&set=set1'),
(351, 1, 5, 'Beverly', 'Myers', 'bmyers9q@forbes.com', 'Female', '7-(517)704-3986', 'Sargatskoye', 'https://robohash.org/enimetvero.png?size=150x150&set=set1'),
(352, 3, 4, 'Christopher', 'Hansen', 'chansen9r@youtube.com', 'Male', '351-(396)384-5196', 'Arcos', 'https://robohash.org/exercitationemdoloresquo.png?size=150x150&set=set1'),
(353, 4, 3, 'Gregory', 'Kelley', 'gkelley9s@guardian.co.uk', 'Male', '62-(101)545-8345', 'Sungairaya', 'https://robohash.org/idtotamin.png?size=150x150&set=set1'),
(354, 3, 2, 'Nancy', 'Austin', 'naustin9t@amazonaws.com', 'Female', '7-(848)398-0865', 'Tsil’na', 'https://robohash.org/omnisautemrerum.jpg?size=150x150&set=set1'),
(355, 1, 4, 'Heather', 'Martinez', 'hmartinez9u@macromedia.com', 'Female', '82-(712)870-7322', 'Jenzan', 'https://robohash.org/omnisimpeditsunt.png?size=150x150&set=set1'),
(356, 4, 1, 'Betty', 'Baker', 'bbaker9v@cam.ac.uk', 'Female', '7-(929)196-3383', 'Maleevsk', 'https://robohash.org/repellendussitdoloremque.jpg?size=150x150&set=set1'),
(357, 3, 3, 'Mary', 'Banks', 'mbanks9w@alexa.com', 'Female', '63-(700)974-6939', 'Naawan', 'https://robohash.org/teneturcorporisfugit.jpg?size=150x150&set=set1'),
(358, 1, 3, 'Michael', 'Roberts', 'mroberts9x@harvard.edu', 'Male', '33-(394)452-4961', 'Chennevières-sur-Marne', 'https://robohash.org/doloremminimanam.bmp?size=150x150&set=set1'),
(359, 3, 3, 'Jeffrey', 'Mcdonald', 'jmcdonald9y@nymag.com', 'Male', '62-(772)539-4628', 'Oeoh', 'https://robohash.org/laborumnonab.jpg?size=150x150&set=set1'),
(360, 5, 5, 'Barbara', 'Green', 'bgreen9z@a8.net', 'Female', '62-(529)662-2608', 'Maunggora', 'https://robohash.org/voluptasdoloremsed.jpg?size=150x150&set=set1'),
(361, 1, 2, 'Charles', 'Shaw', 'cshawa0@marriott.com', 'Male', '62-(337)199-7415', 'Lela', 'https://robohash.org/magnamveroratione.png?size=150x150&set=set1'),
(362, 4, 4, 'Victor', 'Banks', 'vbanksa1@webnode.com', 'Male', '55-(255)171-5265', 'Ribeirão', 'https://robohash.org/adipiscifugaculpa.bmp?size=150x150&set=set1'),
(363, 3, 3, 'Howard', 'Bishop', 'hbishopa2@angelfire.com', 'Male', '86-(210)248-5470', 'Dazhigu', 'https://robohash.org/utnobiseligendi.png?size=150x150&set=set1'),
(364, 4, 5, 'Joshua', 'Long', 'jlonga3@mediafire.com', 'Male', '62-(478)984-4128', 'Tambarangan', 'https://robohash.org/voluptatemeligendinon.jpg?size=150x150&set=set1'),
(365, 4, 3, 'Louis', 'Medina', 'lmedinaa4@ucsd.edu', 'Male', '60-(949)612-1301', 'Johor Bahru', 'https://robohash.org/modierroraspernatur.png?size=150x150&set=set1'),
(366, 3, 1, 'Amy', 'Alvarez', 'aalvareza5@ow.ly', 'Female', '212-(912)832-3690', 'Tafraout', 'https://robohash.org/sedfacilistenetur.bmp?size=150x150&set=set1'),
(367, 5, 3, 'Melissa', 'Moreno', 'mmorenoa6@sourceforge.net', 'Female', '7-(283)251-9346', 'Orsha', 'https://robohash.org/aperiamvelitvoluptatem.png?size=150x150&set=set1'),
(368, 5, 4, 'Thomas', 'Mccoy', 'tmccoya7@topsy.com', 'Male', '351-(319)220-9664', 'Ul', 'https://robohash.org/inventoreutconsequatur.jpg?size=150x150&set=set1'),
(369, 5, 4, 'Shirley', 'Mcdonald', 'smcdonalda8@china.com.cn', 'Female', '27-(260)986-4027', 'Jansenville', 'https://robohash.org/adipisciveritatiset.png?size=150x150&set=set1'),
(370, 2, 5, 'Doris', 'Oliver', 'dolivera9@clickbank.net', 'Female', '351-(573)653-8027', 'Quintas', 'https://robohash.org/nesciuntblanditiisdoloremque.png?size=150x150&set=set1'),
(371, 1, 4, 'Harry', 'Ross', 'hrossaa@auda.org.au', 'Male', '48-(886)844-1456', 'Nowosielce-Gniewosz', 'https://robohash.org/atqueomnisdolores.png?size=150x150&set=set1'),
(372, 1, 5, 'Janice', 'Russell', 'jrussellab@delicious.com', 'Female', '1-(225)632-9760', 'Baton Rouge', 'https://robohash.org/etdoloriusto.jpg?size=150x150&set=set1'),
(373, 4, 1, 'Doris', 'Bradley', 'dbradleyac@rambler.ru', 'Female', '7-(453)342-4379', 'Lyubinskiy', 'https://robohash.org/ipsamquaenon.jpg?size=150x150&set=set1'),
(374, 2, 3, 'Barbara', 'Gutierrez', 'bgutierrezad@ning.com', 'Female', '595-(556)906-9438', 'Itaquyry', 'https://robohash.org/nesciuntodioquibusdam.bmp?size=150x150&set=set1'),
(375, 3, 3, 'Bobby', 'Olson', 'bolsonae@ifeng.com', 'Male', '62-(195)200-0296', 'Peukanbada', 'https://robohash.org/inpariatursuscipit.png?size=150x150&set=set1'),
(376, 2, 1, 'Benjamin', 'Burton', 'bburtonaf@redcross.org', 'Male', '506-(180)699-1934', 'San Rafael Arriba', 'https://robohash.org/temporanesciuntofficiis.jpg?size=150x150&set=set1'),
(377, 5, 3, 'Julie', 'Bailey', 'jbaileyag@usatoday.com', 'Female', '81-(143)644-1357', 'Sakaidech?', 'https://robohash.org/corruptirepellatcupiditate.jpg?size=150x150&set=set1'),
(378, 4, 1, 'Robert', 'Hill', 'rhillah@trellian.com', 'Male', '48-(855)859-4852', 'Lubo?', 'https://robohash.org/ipsametoccaecati.bmp?size=150x150&set=set1'),
(379, 1, 1, 'Phyllis', 'Simmons', 'psimmonsai@eventbrite.com', 'Female', '370-(998)550-6660', 'Vilkaviskis', 'https://robohash.org/eaquedoloribusut.bmp?size=150x150&set=set1'),
(380, 1, 5, 'Martin', 'Henderson', 'mhendersonaj@google.com.hk', 'Male', '51-(201)143-3857', 'Apongo', 'https://robohash.org/quisasperioresbeatae.jpg?size=150x150&set=set1'),
(381, 2, 3, 'Jerry', 'Gilbert', 'jgilbertak@bing.com', 'Male', '92-(851)477-6835', 'Kot Sultan', 'https://robohash.org/autdolorvoluptatum.jpg?size=150x150&set=set1'),
(382, 3, 4, 'Samuel', 'Stevens', 'sstevensal@prnewswire.com', 'Male', '385-(126)672-8646', 'Jezerce', 'https://robohash.org/nonoditillo.png?size=150x150&set=set1'),
(383, 1, 4, 'Christina', 'Diaz', 'cdiazam@wufoo.com', 'Female', '30-(628)193-0521', 'Ambelókipoi', 'https://robohash.org/quibusdamnisivero.png?size=150x150&set=set1'),
(384, 4, 4, 'Phyllis', 'Moore', 'pmoorean@eventbrite.com', 'Female', '33-(349)889-2850', 'Paris 10', 'https://robohash.org/nihilaliquidaut.png?size=150x150&set=set1'),
(385, 1, 5, 'Dorothy', 'Washington', 'dwashingtonao@adobe.com', 'Female', '81-(997)984-1490', 'Shisui', 'https://robohash.org/utetarchitecto.bmp?size=150x150&set=set1'),
(386, 1, 3, 'Frank', 'Hughes', 'fhughesap@bizjournals.com', 'Male', '86-(177)473-6390', 'Huangjindong', 'https://robohash.org/beataeeligendiet.jpg?size=150x150&set=set1'),
(387, 4, 5, 'Frances', 'Daniels', 'fdanielsaq@kickstarter.com', 'Female', '98-(370)903-9407', 'Her?s', 'https://robohash.org/quasiquiserror.jpg?size=150x150&set=set1'),
(388, 5, 4, 'Jesse', 'Ford', 'jfordar@cnbc.com', 'Male', '55-(864)155-2769', 'Caldas Novas', 'https://robohash.org/dolorumquoesse.jpg?size=150x150&set=set1'),
(389, 2, 5, 'Jeffrey', 'Ortiz', 'jortizas@washingtonpost.com', 'Male', '62-(975)447-6002', 'Gerdu', 'https://robohash.org/quasvoluptatemqui.png?size=150x150&set=set1'),
(390, 3, 5, 'Donna', 'Williamson', 'dwilliamsonat@photobucket.com', 'Female', '48-(989)906-0153', 'Drobin', 'https://robohash.org/laborequisquamfacere.jpg?size=150x150&set=set1'),
(391, 2, 4, 'Maria', 'Murray', 'mmurrayau@nps.gov', 'Female', '31-(598)715-3753', 'Utrecht (stad)', 'https://robohash.org/assumendaquout.bmp?size=150x150&set=set1'),
(392, 4, 5, 'Dorothy', 'Gibson', 'dgibsonav@loc.gov', 'Female', '62-(734)658-0015', 'Kebunkelapa', 'https://robohash.org/accusantiumperferendisdolorem.jpg?size=150x150&set=set1'),
(393, 4, 1, 'Scott', 'Walker', 'swalkeraw@mozilla.org', 'Male', '242-(997)119-0469', 'Gemena', 'https://robohash.org/consecteturilloofficia.png?size=150x150&set=set1'),
(394, 2, 5, 'Kimberly', 'Robertson', 'krobertsonax@reuters.com', 'Female', '53-(625)461-5975', 'Cienfuegos', 'https://robohash.org/temporibusetconsequatur.bmp?size=150x150&set=set1'),
(395, 5, 1, 'Steven', 'West', 'swestay@addthis.com', 'Male', '33-(447)841-5986', 'Brie-Comte-Robert', 'https://robohash.org/perspiciatisexercitationemearum.bmp?size=150x150&set=set1'),
(396, 1, 3, 'Lori', 'Nelson', 'lnelsonaz@japanpost.jp', 'Female', '353-(932)866-8490', 'Dunmanway', 'https://robohash.org/quamiustoiste.bmp?size=150x150&set=set1'),
(397, 3, 3, 'Mildred', 'Wilson', 'mwilsonb0@nsw.gov.au', 'Female', '62-(143)926-9510', 'Wadusari', 'https://robohash.org/errorsintlabore.bmp?size=150x150&set=set1'),
(398, 4, 2, 'Nancy', 'Riley', 'nrileyb1@chron.com', 'Female', '86-(675)640-2385', 'Xiachen', 'https://robohash.org/officiisdignissimoscumque.png?size=150x150&set=set1'),
(399, 4, 5, 'Anthony', 'Hicks', 'ahicksb2@tamu.edu', 'Male', '48-(683)482-6673', 'Wawer', 'https://robohash.org/possimuseosenim.png?size=150x150&set=set1'),
(400, 5, 4, 'Heather', 'Myers', 'hmyersb3@buzzfeed.com', 'Female', '46-(989)245-3853', 'Halmstad', 'https://robohash.org/doloresadipiscimolestias.jpg?size=150x150&set=set1'),
(401, 5, 2, 'Shawn', 'Hudson', 'shudsonb4@upenn.edu', 'Male', '63-(232)196-6814', 'Amucao', 'https://robohash.org/explicabovoluptatemanimi.jpg?size=150x150&set=set1'),
(402, 1, 2, 'Paul', 'Parker', 'pparkerb5@google.cn', 'Male', '502-(656)171-5912', 'Pochuta', 'https://robohash.org/officiissintmagnam.jpg?size=150x150&set=set1'),
(403, 2, 4, 'Lawrence', 'Palmer', 'lpalmerb6@wp.com', 'Male', '351-(411)562-7100', 'Quintela', 'https://robohash.org/velrecusandaevoluptatem.bmp?size=150x150&set=set1'),
(404, 5, 4, 'Joyce', 'Dixon', 'jdixonb7@nhs.uk', 'Female', '970-(124)422-6733', 'Bayt Dajan', 'https://robohash.org/iurerecusandaehic.jpg?size=150x150&set=set1'),
(405, 5, 1, 'Benjamin', 'Nguyen', 'bnguyenb8@ucsd.edu', 'Male', '53-(519)624-8895', 'Ciro Redondo', 'https://robohash.org/delenitimolestiasid.png?size=150x150&set=set1'),
(406, 2, 5, 'Anne', 'James', 'ajamesb9@flavors.me', 'Female', '86-(999)491-5955', 'Yong’an', 'https://robohash.org/aliasvoluptasquam.png?size=150x150&set=set1'),
(407, 4, 1, 'Randy', 'Holmes', 'rholmesba@fda.gov', 'Male', '380-(290)663-9712', 'Velyki Sorochyntsi', 'https://robohash.org/namquiaut.jpg?size=150x150&set=set1'),
(408, 1, 4, 'Carlos', 'Hudson', 'chudsonbb@goo.ne.jp', 'Male', '81-(861)481-8362', 'Kawaguchi', 'https://robohash.org/molestiaesimiliqueculpa.png?size=150x150&set=set1'),
(409, 2, 3, 'Jimmy', 'Perry', 'jperrybc@army.mil', 'Male', '57-(408)243-1193', 'Soledad', 'https://robohash.org/fugiatsedlaudantium.jpg?size=150x150&set=set1'),
(410, 5, 1, 'Bruce', 'Montgomery', 'bmontgomerybd@rediff.com', 'Male', '51-(177)135-0972', 'Ullulluco', 'https://robohash.org/voluptasexplicabout.png?size=150x150&set=set1'),
(411, 4, 2, 'George', 'Reyes', 'greyesbe@nytimes.com', 'Male', '385-(782)106-0067', 'Zadvorsko', 'https://robohash.org/quoquicorporis.jpg?size=150x150&set=set1'),
(412, 5, 1, 'Tammy', 'Harrison', 'tharrisonbf@blog.com', 'Female', '86-(821)232-1997', 'Shiqiao', 'https://robohash.org/undeculpamagni.png?size=150x150&set=set1'),
(413, 3, 2, 'Jean', 'Parker', 'jparkerbg@harvard.edu', 'Female', '33-(308)884-3234', 'Houilles', 'https://robohash.org/autestmolestiae.jpg?size=150x150&set=set1'),
(414, 2, 5, 'Matthew', 'Evans', 'mevansbh@netscape.com', 'Male', '86-(638)357-6578', 'Sanjia', 'https://robohash.org/inetaspernatur.jpg?size=150x150&set=set1'),
(415, 1, 4, 'Earl', 'Bell', 'ebellbi@mozilla.org', 'Male', '46-(291)499-3501', 'Hägersten', 'https://robohash.org/beataecupiditateiure.png?size=150x150&set=set1'),
(416, 1, 4, 'Karen', 'Hernandez', 'khernandezbj@scientificamerican.com', 'Female', '504-(283)403-9710', 'La Guacamaya', 'https://robohash.org/eaundeeligendi.png?size=150x150&set=set1'),
(417, 2, 4, 'Gerald', 'Day', 'gdaybk@telegraph.co.uk', 'Male', '370-(244)426-6377', 'Skaudvil?', 'https://robohash.org/etlaudantiumfuga.bmp?size=150x150&set=set1'),
(418, 3, 2, 'Peter', 'Bryant', 'pbryantbl@tripadvisor.com', 'Male', '63-(966)255-9009', 'Bukal', 'https://robohash.org/sitexplicabovel.bmp?size=150x150&set=set1'),
(419, 4, 4, 'Walter', 'Ray', 'wraybm@barnesandnoble.com', 'Male', '63-(714)134-4397', 'San Mariano', 'https://robohash.org/veroaccusantiumaliquid.jpg?size=150x150&set=set1'),
(420, 4, 1, 'Craig', 'Owens', 'cowensbn@lulu.com', 'Male', '48-(849)224-7063', 'Ceg?ów', 'https://robohash.org/eaestdolores.jpg?size=150x150&set=set1'),
(421, 1, 3, 'Dennis', 'Walker', 'dwalkerbo@plala.or.jp', 'Male', '86-(732)140-8815', 'Xushangqiao', 'https://robohash.org/velmollitiaaliquam.jpg?size=150x150&set=set1'),
(422, 5, 5, 'Richard', 'Adams', 'radamsbp@cloudflare.com', 'Male', '7-(491)947-9981', 'Severnyy', 'https://robohash.org/eacorruptimolestias.png?size=150x150&set=set1'),
(423, 2, 2, 'Debra', 'Rice', 'dricebq@canalblog.com', 'Female', '62-(789)698-0441', 'Kasingan', 'https://robohash.org/quasiutautem.bmp?size=150x150&set=set1'),
(424, 4, 5, 'Laura', 'Foster', 'lfosterbr@imageshack.us', 'Female', '351-(291)494-2258', 'Sacotes', 'https://robohash.org/nostrumdelenitiet.bmp?size=150x150&set=set1'),
(425, 4, 5, 'Emily', 'Harris', 'eharrisbs@nytimes.com', 'Female', '33-(167)727-0590', 'Sallanches', 'https://robohash.org/numquamquout.jpg?size=150x150&set=set1'),
(426, 3, 3, 'Adam', 'Foster', 'afosterbt@yolasite.com', 'Male', '63-(539)575-4949', 'Montevista', 'https://robohash.org/rerumporroiusto.jpg?size=150x150&set=set1'),
(427, 4, 3, 'Rebecca', 'Ross', 'rrossbu@blogger.com', 'Female', '51-(612)409-8498', 'Aucayacu', 'https://robohash.org/nemoreprehenderitlabore.bmp?size=150x150&set=set1'),
(428, 2, 4, 'Russell', 'Hunter', 'rhunterbv@mediafire.com', 'Male', '86-(543)953-1142', 'Huanggang', 'https://robohash.org/quiautvel.jpg?size=150x150&set=set1'),
(429, 5, 3, 'Denise', 'Hunt', 'dhuntbw@yellowpages.com', 'Female', '62-(156)499-7211', 'Wairinding', 'https://robohash.org/autdignissimosut.jpg?size=150x150&set=set1'),
(430, 5, 5, 'Carolyn', 'Gardner', 'cgardnerbx@timesonline.co.uk', 'Female', '62-(252)707-1378', 'Daja', 'https://robohash.org/reprehenderitperferendissit.png?size=150x150&set=set1'),
(431, 2, 4, 'Jose', 'Fox', 'jfoxby@theguardian.com', 'Male', '48-(331)912-1615', 'Ko?uchów', 'https://robohash.org/evenietnihilvoluptatem.bmp?size=150x150&set=set1'),
(432, 4, 3, 'Paul', 'Harrison', 'pharrisonbz@soundcloud.com', 'Male', '86-(481)906-8757', 'Lingyuan', 'https://robohash.org/accusamusaliquamsuscipit.png?size=150x150&set=set1'),
(433, 4, 1, 'Ronald', 'Phillips', 'rphillipsc0@admin.ch', 'Male', '383-(491)406-9483', 'Pristina', 'https://robohash.org/cumvoluptatesamet.bmp?size=150x150&set=set1'),
(434, 4, 5, 'Joseph', 'Lawson', 'jlawsonc1@toplist.cz', 'Male', '57-(645)468-9969', 'Sabaneta', 'https://robohash.org/eiusitaquepossimus.png?size=150x150&set=set1'),
(435, 5, 4, 'Ashley', 'Mendoza', 'amendozac2@alexa.com', 'Female', '1-(601)549-2519', 'Jackson', 'https://robohash.org/rerumaniminesciunt.jpg?size=150x150&set=set1'),
(436, 4, 1, 'Diane', 'Stone', 'dstonec3@comcast.net', 'Female', '7-(468)720-9106', 'Bol’shoy Karay', 'https://robohash.org/autilloeum.jpg?size=150x150&set=set1'),
(437, 3, 2, 'Angela', 'Woods', 'awoodsc4@yahoo.co.jp', 'Female', '351-(136)462-3963', 'Alcanena', 'https://robohash.org/ullamarchitectoipsa.jpg?size=150x150&set=set1'),
(438, 3, 1, 'Victor', 'Cunningham', 'vcunninghamc5@com.com', 'Male', '960-(167)462-5180', 'Open Stage', 'https://robohash.org/excorruptiaspernatur.png?size=150x150&set=set1'),
(439, 5, 4, 'Tina', 'Romero', 'tromeroc6@netlog.com', 'Female', '62-(782)693-2996', 'Ombarade', 'https://robohash.org/iustovoluptatemlabore.jpg?size=150x150&set=set1'),
(440, 3, 1, 'Matthew', 'Perkins', 'mperkinsc7@netvibes.com', 'Male', '62-(120)689-3185', 'Madura', 'https://robohash.org/isteexercitationemerror.png?size=150x150&set=set1'),
(441, 4, 2, 'Julia', 'Wilson', 'jwilsonc8@hatena.ne.jp', 'Female', '92-(461)914-0421', 'Chak Two Hundred Forty-Nine TDA', 'https://robohash.org/voluptatibusaliasvoluptas.bmp?size=150x150&set=set1'),
(442, 1, 4, 'Christina', 'Nichols', 'cnicholsc9@abc.net.au', 'Female', '7-(394)717-8199', 'Klyuchevskiy', 'https://robohash.org/esseeiusquibusdam.bmp?size=150x150&set=set1'),
(443, 2, 3, 'Alice', 'Andrews', 'aandrewsca@psu.edu', 'Female', '62-(886)858-4657', 'Jembayan Hitam', 'https://robohash.org/beataenonvelit.bmp?size=150x150&set=set1'),
(444, 4, 4, 'Johnny', 'Armstrong', 'jarmstrongcb@drupal.org', 'Male', '53-(331)829-0325', 'Arroyo Naranjo', 'https://robohash.org/sequiutfacere.png?size=150x150&set=set1'),
(445, 5, 5, 'Dennis', 'Mccoy', 'dmccoycc@home.pl', 'Male', '57-(108)639-1965', 'Salamina', 'https://robohash.org/magninequeducimus.bmp?size=150x150&set=set1'),
(446, 4, 3, 'Terry', 'Andrews', 'tandrewscd@mtv.com', 'Male', '380-(108)174-3842', 'Yenakiyeve', 'https://robohash.org/aliquamsuntvero.png?size=150x150&set=set1'),
(447, 3, 4, 'Henry', 'Barnes', 'hbarnesce@xrea.com', 'Male', '380-(367)171-4165', 'Bratslav', 'https://robohash.org/rerumdoloribusea.png?size=150x150&set=set1'),
(448, 4, 4, 'Christine', 'Mcdonald', 'cmcdonaldcf@yellowpages.com', 'Female', '7-(450)776-9910', 'Ozerki', 'https://robohash.org/autestat.bmp?size=150x150&set=set1'),
(449, 5, 5, 'Mildred', 'Grant', 'mgrantcg@unicef.org', 'Female', '86-(463)594-7007', 'Wenfu', 'https://robohash.org/molestiaequamquis.png?size=150x150&set=set1'),
(450, 1, 2, 'Joshua', 'Hernandez', 'jhernandezch@vk.com', 'Male', '967-(187)324-9832', 'Manwakh', 'https://robohash.org/ullamsitipsa.bmp?size=150x150&set=set1'),
(451, 5, 3, 'Charles', 'Owens', 'cowensci@microsoft.com', 'Male', '86-(108)189-3567', 'Binglincha', 'https://robohash.org/eosmollitiasit.png?size=150x150&set=set1'),
(452, 2, 5, 'Clarence', 'Evans', 'cevanscj@yellowbook.com', 'Male', '506-(902)139-0038', 'San Pablo', 'https://robohash.org/praesentiumnesciuntlabore.png?size=150x150&set=set1'),
(453, 1, 1, 'Stephanie', 'Rodriguez', 'srodriguezck@meetup.com', 'Female', '98-(859)539-4776', 'Marvdasht', 'https://robohash.org/dolorautveniam.png?size=150x150&set=set1'),
(454, 3, 1, 'Amy', 'Payne', 'apaynecl@blogger.com', 'Female', '970-(565)424-0254', 'Bayt L?d', 'https://robohash.org/atbeataealiquam.jpg?size=150x150&set=set1'),
(455, 4, 2, 'Doris', 'Vasquez', 'dvasquezcm@wordpress.com', 'Female', '223-(716)864-3760', 'Bla', 'https://robohash.org/magnameumut.jpg?size=150x150&set=set1'),
(456, 2, 4, 'Janice', 'Pierce', 'jpiercecn@boston.com', 'Female', '56-(672)104-0943', 'Cañete', 'https://robohash.org/etmaioresprovident.bmp?size=150x150&set=set1'),
(457, 3, 5, 'Craig', 'Ramos', 'cramosco@earthlink.net', 'Male', '33-(679)544-4395', 'Wasquehal', 'https://robohash.org/repellendusquisquamamet.bmp?size=150x150&set=set1'),
(458, 2, 1, 'Matthew', 'Matthews', 'mmatthewscp@latimes.com', 'Male', '240-(605)818-8712', 'Santiago de Baney', 'https://robohash.org/quissedet.png?size=150x150&set=set1'),
(459, 4, 4, 'Ruth', 'Warren', 'rwarrencq@msu.edu', 'Female', '86-(530)480-9434', 'Jianshan', 'https://robohash.org/sequiautemipsam.bmp?size=150x150&set=set1'),
(460, 4, 3, 'Doris', 'Medina', 'dmedinacr@jiathis.com', 'Female', '86-(615)606-3407', 'Baihe', 'https://robohash.org/quialiquidfacilis.png?size=150x150&set=set1'),
(461, 1, 2, 'Brian', 'Cooper', 'bcoopercs@census.gov', 'Male', '54-(532)663-6121', 'San Roque', 'https://robohash.org/rationetemporedolorum.bmp?size=150x150&set=set1'),
(462, 1, 3, 'Susan', 'Carpenter', 'scarpenterct@mozilla.org', 'Female', '357-(217)638-6720', 'Larnaca', 'https://robohash.org/maximequiducimus.bmp?size=150x150&set=set1'),
(463, 3, 2, 'Jessica', 'Shaw', 'jshawcu@vimeo.com', 'Female', '31-(501)343-2349', 'Den Haag', 'https://robohash.org/accusamusducimusdolorem.bmp?size=150x150&set=set1'),
(464, 2, 3, 'Ralph', 'Olson', 'rolsoncv@narod.ru', 'Male', '7-(839)943-9514', 'Kolpny', 'https://robohash.org/illoquissuscipit.jpg?size=150x150&set=set1'),
(465, 5, 4, 'Billy', 'Stone', 'bstonecw@domainmarket.com', 'Male', '86-(255)133-8096', 'Dushan', 'https://robohash.org/accusamusestcorrupti.bmp?size=150x150&set=set1'),
(466, 2, 3, 'Harry', 'Lawrence', 'hlawrencecx@gravatar.com', 'Male', '92-(305)656-3609', 'T?ndo Mittha Kh?n', 'https://robohash.org/itaquenihilet.jpg?size=150x150&set=set1'),
(467, 4, 2, 'Joseph', 'Hernandez', 'jhernandezcy@toplist.cz', 'Male', '86-(735)615-6514', 'Baoyang', 'https://robohash.org/inventorehicautem.jpg?size=150x150&set=set1'),
(468, 4, 4, 'Michelle', 'Phillips', 'mphillipscz@boston.com', 'Female', '998-(858)695-1387', 'Sirdaryo', 'https://robohash.org/reprehenderiteaquearchitecto.jpg?size=150x150&set=set1'),
(469, 4, 3, 'Adam', 'Murray', 'amurrayd0@wired.com', 'Male', '382-(706)801-7994', 'Lipci', 'https://robohash.org/suntdoloresvoluptatem.bmp?size=150x150&set=set1'),
(470, 4, 5, 'Douglas', 'Burton', 'dburtond1@sciencedirect.com', 'Male', '86-(861)662-8394', 'Tangkou', 'https://robohash.org/suscipitimpeditvoluptatem.jpg?size=150x150&set=set1'),
(471, 4, 2, 'Earl', 'Castillo', 'ecastillod2@goo.gl', 'Male', '86-(999)115-2114', 'Dula’er Ewenke Minzu', 'https://robohash.org/sintaspernaturdolorem.bmp?size=150x150&set=set1'),
(472, 5, 1, 'Amy', 'Barnes', 'abarnesd3@ifeng.com', 'Female', '504-(721)262-7529', 'Zamora', 'https://robohash.org/assumendaeterror.jpg?size=150x150&set=set1'),
(473, 4, 1, 'Thomas', 'Daniels', 'tdanielsd4@dot.gov', 'Male', '233-(983)513-6073', 'Wa', 'https://robohash.org/suntquiautem.png?size=150x150&set=set1'),
(474, 1, 4, 'Kelly', 'Mason', 'kmasond5@jalbum.net', 'Female', '420-(233)983-3345', 'Lukavice', 'https://robohash.org/reprehenderitdoloremeos.bmp?size=150x150&set=set1'),
(475, 5, 1, 'Brenda', 'Watson', 'bwatsond6@odnoklassniki.ru', 'Female', '971-(509)307-7405', 'Umm al Qaywayn', 'https://robohash.org/sitetqui.jpg?size=150x150&set=set1'),
(476, 3, 5, 'Edward', 'Mccoy', 'emccoyd7@rambler.ru', 'Male', '86-(763)733-0380', 'Luxi', 'https://robohash.org/nullacommodiadipisci.jpg?size=150x150&set=set1'),
(477, 3, 1, 'Matthew', 'Nelson', 'mnelsond8@statcounter.com', 'Male', '62-(816)905-3304', 'Ciburial', 'https://robohash.org/eapariaturatque.jpg?size=150x150&set=set1'),
(478, 4, 5, 'Shawn', 'Frazier', 'sfrazierd9@hao123.com', 'Male', '27-(251)785-3871', 'Noupoort', 'https://robohash.org/fugitrationesunt.png?size=150x150&set=set1'),
(479, 4, 4, 'Jessica', 'Weaver', 'jweaverda@macromedia.com', 'Female', '86-(448)797-8974', 'Nanchangshan', 'https://robohash.org/aliaseiusmollitia.png?size=150x150&set=set1'),
(480, 4, 5, 'Brenda', 'Murray', 'bmurraydb@simplemachines.org', 'Female', '48-(775)590-1586', 'Trzebnica', 'https://robohash.org/suntaliasaut.jpg?size=150x150&set=set1'),
(481, 2, 2, 'Kevin', 'Hudson', 'khudsondc@people.com.cn', 'Male', '48-(991)995-7199', 'Przyborów', 'https://robohash.org/expeditaquiaearum.png?size=150x150&set=set1'),
(482, 1, 2, 'Juan', 'Nelson', 'jnelsondd@comsenz.com', 'Male', '7-(152)627-9475', 'Staroshcherbinovskaya', 'https://robohash.org/enimsapientequas.bmp?size=150x150&set=set1'),
(483, 4, 3, 'Jeffrey', 'King', 'jkingde@smugmug.com', 'Male', '86-(262)488-9555', 'Yajin', 'https://robohash.org/teneturfacereex.jpg?size=150x150&set=set1'),
(484, 1, 2, 'Edward', 'Rogers', 'erogersdf@omniture.com', 'Male', '52-(639)762-4674', 'Morelos', 'https://robohash.org/auteumeos.bmp?size=150x150&set=set1'),
(485, 5, 2, 'Lois', 'Phillips', 'lphillipsdg@scribd.com', 'Female', '84-(889)777-1214', 'Tân Hòa', 'https://robohash.org/accusamusautfacere.bmp?size=150x150&set=set1'),
(486, 2, 1, 'Debra', 'Bennett', 'dbennettdh@booking.com', 'Female', '381-(645)912-4704', 'Perlez', 'https://robohash.org/temporeasperioresvoluptatibus.png?size=150x150&set=set1'),
(487, 1, 1, 'Carlos', 'Wood', 'cwooddi@linkedin.com', 'Male', '62-(299)596-2568', 'Sopo', 'https://robohash.org/quiaquismolestias.jpg?size=150x150&set=set1'),
(488, 2, 3, 'Tina', 'Graham', 'tgrahamdj@msu.edu', 'Female', '351-(712)342-8384', 'Foz Giraldo', 'https://robohash.org/nequeanimiest.png?size=150x150&set=set1'),
(489, 4, 1, 'Joshua', 'Olson', 'jolsondk@jiathis.com', 'Male', '86-(835)914-7518', 'Pingdingshan', 'https://robohash.org/omnisomnisvoluptas.jpg?size=150x150&set=set1'),
(490, 3, 1, 'Irene', 'Stevens', 'istevensdl@t-online.de', 'Female', '62-(293)637-7692', 'Cikeper', 'https://robohash.org/rerumerrormagni.bmp?size=150x150&set=set1'),
(491, 3, 4, 'Sandra', 'Armstrong', 'sarmstrongdm@examiner.com', 'Female', '62-(601)492-8987', 'Candi Prambanan', 'https://robohash.org/molestiasquoconsequatur.png?size=150x150&set=set1'),
(492, 2, 4, 'Linda', 'Sanchez', 'lsanchezdn@state.gov', 'Female', '86-(327)835-1476', 'Kax', 'https://robohash.org/esteligendinon.jpg?size=150x150&set=set1'),
(493, 3, 5, 'Mark', 'Clark', 'mclarkdo@deliciousdays.com', 'Male', '995-(149)988-9420', 'Didi Lilo', 'https://robohash.org/sintaccusamusducimus.jpg?size=150x150&set=set1'),
(494, 2, 3, 'Arthur', 'Warren', 'awarrendp@buzzfeed.com', 'Male', '962-(603)771-1475', 'Russeifa', 'https://robohash.org/sitetat.jpg?size=150x150&set=set1'),
(495, 1, 3, 'Jessica', 'Howard', 'jhowarddq@yelp.com', 'Female', '63-(524)988-1886', 'Patique', 'https://robohash.org/esteosoptio.png?size=150x150&set=set1'),
(496, 2, 5, 'Betty', 'Jackson', 'bjacksondr@globo.com', 'Female', '1-(264)394-4312', 'Bridgetown', 'https://robohash.org/autemauttempore.jpg?size=150x150&set=set1'),
(497, 5, 4, 'Stephen', 'Allen', 'sallends@twitter.com', 'Male', '358-(355)362-6419', 'Kimito', 'https://robohash.org/quiillumipsa.png?size=150x150&set=set1'),
(498, 2, 3, 'Joyce', 'Green', 'jgreendt@economist.com', 'Female', '355-(101)668-3381', 'Selenicë', 'https://robohash.org/utfugitmaiores.png?size=150x150&set=set1'),
(499, 1, 1, 'Robin', 'Ruiz', 'rruizdu@typepad.com', 'Female', '55-(234)923-4579', 'Padre Paraíso', 'https://robohash.org/earumquisquamdistinctio.png?size=150x150&set=set1'),
(500, 4, 1, 'Joshua', 'Schmidt', 'jschmidtdv@psu.edu', 'Male', '86-(367)542-3565', 'Zhengchang', 'https://robohash.org/inventoreodiodeleniti.png?size=150x150&set=set1'),
(501, 2, 4, 'Andrea', 'Thompson', 'athompsondw@parallels.com', 'Female', '62-(590)327-4358', 'Pasarbaru', 'https://robohash.org/exsitet.bmp?size=150x150&set=set1'),
(502, 4, 3, 'Sandra', 'Garcia', 'sgarciadx@earthlink.net', 'Female', '1-(654)558-8304', 'Princeton', 'https://robohash.org/rerumtemporibusprovident.bmp?size=150x150&set=set1'),
(503, 5, 3, 'Joseph', 'Hudson', 'jhudsondy@phoca.cz', 'Male', '1-(319)806-5788', 'Iowa City', 'https://robohash.org/velmaximenulla.bmp?size=150x150&set=set1'),
(504, 5, 2, 'Melissa', 'Porter', 'mporterdz@usgs.gov', 'Female', '81-(220)498-8886', 'Sanj?', 'https://robohash.org/consequaturquidemaspernatur.png?size=150x150&set=set1'),
(505, 2, 2, 'Pamela', 'Johnson', 'pjohnsone0@npr.org', 'Female', '62-(394)897-1429', 'Suru', 'https://robohash.org/illovoluptatemfuga.png?size=150x150&set=set1'),
(506, 2, 2, 'Lawrence', 'Duncan', 'lduncane1@parallels.com', 'Male', '269-(306)239-8993', 'Ivouani', 'https://robohash.org/eveniettemporibusinventore.bmp?size=150x150&set=set1'),
(507, 3, 2, 'Randy', 'Richardson', 'rrichardsone2@mail.ru', 'Male', '234-(309)670-0903', 'Abakaliki', 'https://robohash.org/voluptateetincidunt.jpg?size=150x150&set=set1'),
(508, 5, 2, 'Donald', 'Evans', 'devanse3@seesaa.net', 'Male', '86-(454)318-9526', 'Hekou', 'https://robohash.org/accusantiumveniamaut.png?size=150x150&set=set1'),
(509, 4, 3, 'Jack', 'Andrews', 'jandrewse4@tumblr.com', 'Male', '389-(371)917-6264', 'Kochani', 'https://robohash.org/etvoluptatemsit.png?size=150x150&set=set1'),
(510, 2, 1, 'Chris', 'Hicks', 'chickse5@virginia.edu', 'Male', '351-(684)237-5998', 'Raminho', 'https://robohash.org/inutnulla.bmp?size=150x150&set=set1'),
(511, 1, 1, 'Eric', 'Hall', 'ehalle6@google.com', 'Male', '86-(700)205-3271', 'Laohugang', 'https://robohash.org/quoutnatus.jpg?size=150x150&set=set1'),
(512, 5, 3, 'Nicholas', 'Elliott', 'nelliotte7@plala.or.jp', 'Male', '55-(337)197-6414', 'Maraial', 'https://robohash.org/nihiloccaecatiitaque.png?size=150x150&set=set1'),
(513, 3, 3, 'Kathryn', 'Palmer', 'kpalmere8@boston.com', 'Female', '81-(867)461-5757', '?take', 'https://robohash.org/rerumnesciuntaspernatur.png?size=150x150&set=set1'),
(514, 4, 2, 'Adam', 'Wagner', 'awagnere9@xing.com', 'Male', '504-(436)547-7593', 'Toyós', 'https://robohash.org/nequeblanditiismodi.bmp?size=150x150&set=set1'),
(515, 3, 4, 'David', 'Cooper', 'dcooperea@trellian.com', 'Male', '86-(779)907-7884', 'Kouzhen', 'https://robohash.org/laborenihilin.png?size=150x150&set=set1'),
(516, 5, 1, 'Lori', 'Carpenter', 'lcarpentereb@seattletimes.com', 'Female', '51-(791)719-2504', 'Puerto Maldonado', 'https://robohash.org/isteconsequaturimpedit.jpg?size=150x150&set=set1'),
(517, 2, 3, 'Helen', 'Robinson', 'hrobinsonec@blogspot.com', 'Female', '976-(684)141-4025', 'Eg', 'https://robohash.org/doloresfugiatquam.png?size=150x150&set=set1'),
(518, 4, 1, 'Samuel', 'Hayes', 'shayesed@ftc.gov', 'Male', '62-(644)177-8123', 'Semboropasar', 'https://robohash.org/etautcumque.jpg?size=150x150&set=set1'),
(519, 4, 1, 'Martha', 'Gilbert', 'mgilbertee@so-net.ne.jp', 'Female', '49-(687)221-6624', 'Nürnberg', 'https://robohash.org/officiavelnon.jpg?size=150x150&set=set1'),
(520, 2, 5, 'Brian', 'Lane', 'blaneef@businesswire.com', 'Male', '86-(596)449-3471', 'Qingshu', 'https://robohash.org/voluptatesaquasi.jpg?size=150x150&set=set1'),
(521, 3, 5, 'Matthew', 'Jordan', 'mjordaneg@theguardian.com', 'Male', '1-(361)165-4471', 'Corpus Christi', 'https://robohash.org/teneturfugiatquo.png?size=150x150&set=set1'),
(522, 1, 2, 'Melissa', 'Snyder', 'msnydereh@fema.gov', 'Female', '7-(546)731-4385', 'Tuymazy', 'https://robohash.org/etistevelit.jpg?size=150x150&set=set1'),
(523, 2, 1, 'Steve', 'Stone', 'sstoneei@gnu.org', 'Male', '216-(377)649-6903', 'Gabès', 'https://robohash.org/consequunturmagnamet.png?size=150x150&set=set1'),
(524, 5, 3, 'Anne', 'Moreno', 'amorenoej@constantcontact.com', 'Female', '351-(688)465-5507', 'Dois Portos', 'https://robohash.org/etreprehenderitsed.jpg?size=150x150&set=set1'),
(525, 4, 2, 'Jean', 'Powell', 'jpowellek@about.com', 'Female', '54-(829)184-7126', 'Santiago del Estero', 'https://robohash.org/saepeeaquenemo.jpg?size=150x150&set=set1'),
(526, 3, 2, 'Jerry', 'Rodriguez', 'jrodriguezel@amazon.co.jp', 'Male', '63-(616)586-6059', 'Panikian', 'https://robohash.org/fugitdolorumlaboriosam.jpg?size=150x150&set=set1'),
(527, 5, 2, 'Russell', 'Hall', 'rhallem@psu.edu', 'Male', '62-(928)469-9724', 'Karara', 'https://robohash.org/atquepraesentiumharum.png?size=150x150&set=set1'),
(528, 3, 3, 'Steve', 'Jackson', 'sjacksonen@twitter.com', 'Male', '86-(271)496-4040', 'Dongtucheng', 'https://robohash.org/providentteneturincidunt.png?size=150x150&set=set1'),
(529, 1, 5, 'Chris', 'Rivera', 'criveraeo@google.es', 'Male', '256-(195)666-1512', 'Agago', 'https://robohash.org/laboriosamautmodi.png?size=150x150&set=set1'),
(530, 2, 1, 'Raymond', 'Phillips', 'rphillipsep@addtoany.com', 'Male', '386-(974)749-4768', 'Šentvid pri Sti?ni', 'https://robohash.org/asperioressintassumenda.jpg?size=150x150&set=set1'),
(531, 4, 2, 'Irene', 'Gray', 'igrayeq@de.vu', 'Female', '55-(524)624-2215', 'Olímpia', 'https://robohash.org/quiadignissimosab.jpg?size=150x150&set=set1'),
(532, 5, 5, 'Donald', 'Willis', 'dwilliser@netscape.com', 'Male', '967-(352)820-4977', 'Al Qa?n', 'https://robohash.org/beataelaboreconsequatur.bmp?size=150x150&set=set1'),
(533, 5, 4, 'Sandra', 'Patterson', 'spattersones@go.com', 'Female', '66-(261)476-2440', 'Mancha Khiri', 'https://robohash.org/etdoloremconsequatur.bmp?size=150x150&set=set1'),
(534, 4, 5, 'Bobby', 'Moore', 'bmooreet@jimdo.com', 'Male', '380-(176)520-0819', 'Dunaivtsi', 'https://robohash.org/veritatisetest.jpg?size=150x150&set=set1'),
(535, 2, 3, 'Gary', 'Freeman', 'gfreemaneu@xinhuanet.com', 'Male', '86-(317)661-6734', 'Tunbao', 'https://robohash.org/nullasolutaet.bmp?size=150x150&set=set1'),
(536, 2, 3, 'Rose', 'Sanchez', 'rsanchezev@163.com', 'Female', '62-(274)877-5124', 'Jatimulyo', 'https://robohash.org/facerenequeexplicabo.bmp?size=150x150&set=set1'),
(537, 3, 5, 'Denise', 'Reid', 'dreidew@si.edu', 'Female', '86-(508)181-4579', 'Fudian', 'https://robohash.org/eavelitea.bmp?size=150x150&set=set1'),
(538, 1, 2, 'Justin', 'Simmons', 'jsimmonsex@msu.edu', 'Male', '1-(662)141-7985', 'Rio Claro', 'https://robohash.org/quodestdolore.jpg?size=150x150&set=set1'),
(539, 4, 2, 'Rachel', 'Washington', 'rwashingtoney@cornell.edu', 'Female', '249-(621)906-3843', 'B?rah', 'https://robohash.org/accusamusexpeditarecusandae.jpg?size=150x150&set=set1'),
(540, 1, 1, 'Joyce', 'Chavez', 'jchavezez@cornell.edu', 'Female', '63-(566)859-0410', 'Malibago', 'https://robohash.org/nequeatqueculpa.bmp?size=150x150&set=set1'),
(541, 1, 2, 'Richard', 'Reid', 'rreidf0@bandcamp.com', 'Male', '380-(630)455-4002', 'Klavdiyevo-Tarasove', 'https://robohash.org/illodebitisut.jpg?size=150x150&set=set1'),
(542, 3, 3, 'Rebecca', 'Myers', 'rmyersf1@geocities.com', 'Female', '251-(480)186-6632', 'Gondar', 'https://robohash.org/earumautsed.png?size=150x150&set=set1'),
(543, 1, 3, 'Ruth', 'Martinez', 'rmartinezf2@flickr.com', 'Female', '63-(142)813-2369', 'Estancia', 'https://robohash.org/accusamusomnisvoluptatem.png?size=150x150&set=set1'),
(544, 4, 4, 'Ralph', 'Willis', 'rwillisf3@nba.com', 'Male', '7-(422)854-9581', 'Velikovechnoye', 'https://robohash.org/inventorevoluptatumest.bmp?size=150x150&set=set1'),
(545, 1, 2, 'Benjamin', 'Brown', 'bbrownf4@hud.gov', 'Male', '94-(932)259-1578', 'Negombo', 'https://robohash.org/utmagnameveniet.bmp?size=150x150&set=set1'),
(546, 5, 1, 'Gerald', 'Bryant', 'gbryantf5@biglobe.ne.jp', 'Male', '420-(619)486-1025', 'Bílovice', 'https://robohash.org/quassitsequi.png?size=150x150&set=set1'),
(547, 2, 5, 'Sean', 'Snyder', 'ssnyderf6@mayoclinic.com', 'Male', '48-(265)777-6411', 'Zdu?ska Wola', 'https://robohash.org/eaquiconsectetur.png?size=150x150&set=set1'),
(548, 5, 2, 'Eric', 'Austin', 'eaustinf7@merriam-webster.com', 'Male', '46-(245)115-2735', 'Göteborg', 'https://robohash.org/errorsitquasi.bmp?size=150x150&set=set1'),
(549, 5, 5, 'Jerry', 'Edwards', 'jedwardsf8@163.com', 'Male', '7-(380)146-4295', 'Vyazniki', 'https://robohash.org/sintplaceateaque.bmp?size=150x150&set=set1'),
(550, 5, 1, 'Cheryl', 'Perez', 'cperezf9@technorati.com', 'Female', '56-(566)171-0364', 'San Carlos', 'https://robohash.org/consequaturconsequunturaut.jpg?size=150x150&set=set1'),
(551, 4, 4, 'Fred', 'Johnston', 'fjohnstonfa@miibeian.gov.cn', 'Male', '967-(623)503-6051', 'Al Jarr???', 'https://robohash.org/suntomnissaepe.jpg?size=150x150&set=set1'),
(552, 4, 3, 'Heather', 'Mitchell', 'hmitchellfb@google.it', 'Female', '63-(958)151-3840', 'Lantapan', 'https://robohash.org/enimreprehenderitquis.bmp?size=150x150&set=set1'),
(553, 2, 2, 'Beverly', 'Hughes', 'bhughesfc@moonfruit.com', 'Female', '33-(376)649-0288', 'Strasbourg', 'https://robohash.org/facerebeataererum.bmp?size=150x150&set=set1'),
(554, 5, 3, 'Marie', 'Jackson', 'mjacksonfd@scribd.com', 'Female', '86-(594)326-7977', 'Yuguan', 'https://robohash.org/quassuntquod.jpg?size=150x150&set=set1'),
(555, 4, 4, 'Denise', 'Collins', 'dcollinsfe@about.com', 'Female', '86-(238)225-2035', 'Taoyuan', 'https://robohash.org/eumdelenitiearum.png?size=150x150&set=set1'),
(556, 4, 1, 'Willie', 'Richardson', 'wrichardsonff@chicagotribune.com', 'Male', '373-(812)536-2066', 'Slobozia', 'https://robohash.org/iustoautin.jpg?size=150x150&set=set1'),
(557, 4, 1, 'Harold', 'Knight', 'hknightfg@storify.com', 'Male', '86-(554)159-9468', 'Tonghu', 'https://robohash.org/placeataliquamnihil.jpg?size=150x150&set=set1'),
(558, 3, 1, 'Jimmy', 'Matthews', 'jmatthewsfh@buzzfeed.com', 'Male', '235-(617)507-9566', 'Moussoro', 'https://robohash.org/errorvelvoluptates.jpg?size=150x150&set=set1'),
(559, 5, 1, 'Steven', 'Patterson', 'spattersonfi@merriam-webster.com', 'Male', '595-(979)267-7139', 'Las Palomas', 'https://robohash.org/eummollitianihil.jpg?size=150x150&set=set1'),
(560, 5, 1, 'Gary', 'Matthews', 'gmatthewsfj@exblog.jp', 'Male', '374-(645)527-7032', 'Shenavan', 'https://robohash.org/etnonquia.png?size=150x150&set=set1'),
(561, 2, 5, 'Lori', 'Brooks', 'lbrooksfk@army.mil', 'Female', '7-(684)421-7431', 'Fryanovo', 'https://robohash.org/magniodionam.png?size=150x150&set=set1'),
(562, 5, 3, 'Adam', 'Matthews', 'amatthewsfl@intel.com', 'Male', '1-(371)801-4962', 'Fort Smith', 'https://robohash.org/laudantiumfacilistenetur.jpg?size=150x150&set=set1'),
(563, 3, 4, 'Judy', 'Bowman', 'jbowmanfm@nytimes.com', 'Female', '389-(855)947-1094', '??????', 'https://robohash.org/voluptasvoluptaterepellat.jpg?size=150x150&set=set1'),
(564, 3, 4, 'Stephanie', 'Daniels', 'sdanielsfn@earthlink.net', 'Female', '34-(761)890-7549', 'Madrid', 'https://robohash.org/voluptatibusestdelectus.png?size=150x150&set=set1'),
(565, 4, 3, 'Clarence', 'Henry', 'chenryfo@barnesandnoble.com', 'Male', '48-(155)800-1349', 'Ryki', 'https://robohash.org/utdolorumaliquid.png?size=150x150&set=set1'),
(566, 2, 5, 'Diane', 'Elliott', 'delliottfp@netscape.com', 'Female', '62-(618)462-9109', 'Taklale', 'https://robohash.org/nostrumenimvelit.bmp?size=150x150&set=set1'),
(567, 2, 3, 'Randy', 'Fox', 'rfoxfq@wired.com', 'Male', '57-(633)441-4554', 'Albania', 'https://robohash.org/etsimiliqueut.bmp?size=150x150&set=set1'),
(568, 5, 2, 'Christina', 'Chapman', 'cchapmanfr@rediff.com', 'Female', '86-(154)759-0423', 'Shuangxiqiao', 'https://robohash.org/temporemagniculpa.bmp?size=150x150&set=set1'),
(569, 2, 5, 'Phyllis', 'Kennedy', 'pkennedyfs@behance.net', 'Female', '57-(845)812-0614', 'Caldas', 'https://robohash.org/autconsequaturblanditiis.bmp?size=150x150&set=set1'),
(570, 2, 5, 'Edward', 'Carpenter', 'ecarpenterft@unesco.org', 'Male', '1-(907)304-2470', 'Fairbanks', 'https://robohash.org/quiarepudiandaesunt.bmp?size=150x150&set=set1'),
(571, 3, 4, 'Bobby', 'Hernandez', 'bhernandezfu@nsw.gov.au', 'Male', '7-(549)386-7079', 'Belyayevka', 'https://robohash.org/accusantiumdoloremaxime.jpg?size=150x150&set=set1'),
(572, 3, 4, 'Russell', 'Chavez', 'rchavezfv@shareasale.com', 'Male', '86-(619)739-1279', 'Zhuanshui', 'https://robohash.org/aliquidveritatisaccusamus.jpg?size=150x150&set=set1'),
(573, 3, 2, 'Randy', 'Henderson', 'rhendersonfw@soup.io', 'Male', '7-(101)320-4955', 'Ulyanovsk', 'https://robohash.org/possimusquasquod.png?size=150x150&set=set1'),
(574, 5, 1, 'Bonnie', 'Green', 'bgreenfx@nbcnews.com', 'Female', '52-(131)774-7749', 'El Potrero', 'https://robohash.org/recusandaeconsequatursint.png?size=150x150&set=set1'),
(575, 1, 3, 'Anthony', 'Spencer', 'aspencerfy@g.co', 'Male', '7-(751)274-4595', 'Kupchino', 'https://robohash.org/dolorautemipsam.jpg?size=150x150&set=set1'),
(576, 5, 4, 'Christopher', 'Green', 'cgreenfz@pagesperso-orange.fr', 'Male', '54-(588)532-8537', 'Libertador General San Martín', 'https://robohash.org/ipsampossimusearum.jpg?size=150x150&set=set1'),
(577, 1, 2, 'Jeremy', 'Harrison', 'jharrisong0@tmall.com', 'Male', '63-(777)840-9515', 'Baguio', 'https://robohash.org/aliasteneturullam.jpg?size=150x150&set=set1'),
(578, 4, 4, 'Andrew', 'Woods', 'awoodsg1@webnode.com', 'Male', '62-(444)510-9265', 'Babakandesa', 'https://robohash.org/etnequesed.jpg?size=150x150&set=set1'),
(579, 3, 4, 'Jeremy', 'Rose', 'jroseg2@usatoday.com', 'Male', '33-(545)890-7376', 'Évry', 'https://robohash.org/aetveritatis.jpg?size=150x150&set=set1'),
(580, 3, 2, 'Gregory', 'Kim', 'gkimg3@go.com', 'Male', '66-(714)665-2086', 'Ban Ko Lan', 'https://robohash.org/utnondolores.png?size=150x150&set=set1'),
(581, 2, 4, 'Theresa', 'Fields', 'tfieldsg4@liveinternet.ru', 'Female', '62-(793)135-4783', 'Keleleng', 'https://robohash.org/enimlaudantiumeaque.bmp?size=150x150&set=set1'),
(582, 3, 3, 'Howard', 'Alvarez', 'halvarezg5@goo.gl', 'Male', '86-(763)511-8323', 'Xinzheng', 'https://robohash.org/repudiandaevoluptatibussint.bmp?size=150x150&set=set1'),
(583, 3, 3, 'Bobby', 'Green', 'bgreeng6@oakley.com', 'Male', '86-(374)882-7651', 'Changping', 'https://robohash.org/nemoidvitae.jpg?size=150x150&set=set1'),
(584, 2, 2, 'Andrew', 'Hunter', 'ahunterg7@japanpost.jp', 'Male', '86-(212)830-7421', 'Lizhuang', 'https://robohash.org/eumsitcorporis.bmp?size=150x150&set=set1'),
(585, 4, 4, 'Thomas', 'Gonzalez', 'tgonzalezg8@e-recht24.de', 'Male', '33-(846)682-4847', 'Roissy Charles-de-Gaulle', 'https://robohash.org/iureetperspiciatis.png?size=150x150&set=set1'),
(586, 3, 5, 'Daniel', 'Simpson', 'dsimpsong9@privacy.gov.au', 'Male', '33-(207)482-0317', 'Sarrebourg', 'https://robohash.org/utoptioenim.png?size=150x150&set=set1'),
(587, 3, 5, 'Michelle', 'Rogers', 'mrogersga@skype.com', 'Female', '63-(460)573-9589', 'Alacaygan', 'https://robohash.org/minusvoluptatemexpedita.jpg?size=150x150&set=set1'),
(588, 2, 2, 'Justin', 'Green', 'jgreengb@issuu.com', 'Male', '86-(550)614-7091', 'Xinyuan', 'https://robohash.org/sitsapienterecusandae.jpg?size=150x150&set=set1'),
(589, 5, 5, 'Karen', 'Little', 'klittlegc@ezinearticles.com', 'Female', '375-(657)195-0395', 'Iwye', 'https://robohash.org/distinctiononet.bmp?size=150x150&set=set1'),
(590, 1, 5, 'Eugene', 'Collins', 'ecollinsgd@ebay.com', 'Male', '94-(821)415-9798', 'Puttalam', 'https://robohash.org/automniseos.jpg?size=150x150&set=set1'),
(591, 1, 5, 'Ashley', 'Ford', 'afordge@weather.com', 'Female', '63-(696)716-4709', 'Prado Siongco', 'https://robohash.org/ullamoditsint.jpg?size=150x150&set=set1'),
(592, 4, 5, 'Kathleen', 'Larson', 'klarsongf@cloudflare.com', 'Female', '358-(807)980-7348', 'Honkajoki', 'https://robohash.org/rerumreprehenderitodio.jpg?size=150x150&set=set1'),
(593, 2, 4, 'Anthony', 'Weaver', 'aweavergg@scientificamerican.com', 'Male', '238-(211)869-3634', 'Tarrafal', 'https://robohash.org/uttotamassumenda.jpg?size=150x150&set=set1'),
(594, 1, 3, 'Aaron', 'Wood', 'awoodgh@edublogs.org', 'Male', '86-(412)647-5452', 'Wolongquan', 'https://robohash.org/nonitaquedistinctio.bmp?size=150x150&set=set1'),
(595, 1, 2, 'Howard', 'Vasquez', 'hvasquezgi@seesaa.net', 'Male', '63-(352)901-6350', 'Cabusao', 'https://robohash.org/estsitatque.jpg?size=150x150&set=set1'),
(596, 4, 1, 'Bobby', 'Reyes', 'breyesgj@umn.edu', 'Male', '380-(304)597-3278', 'Melekyne', 'https://robohash.org/quioditvero.png?size=150x150&set=set1'),
(597, 3, 1, 'Stephanie', 'Edwards', 'sedwardsgk@deviantart.com', 'Female', '62-(406)611-6784', 'Fatukanutu', 'https://robohash.org/sintlaudantiumtemporibus.png?size=150x150&set=set1'),
(598, 5, 1, 'Doris', 'Parker', 'dparkergl@webeden.co.uk', 'Female', '86-(490)816-8880', 'Xiangshui', 'https://robohash.org/autestalias.bmp?size=150x150&set=set1'),
(599, 5, 2, 'Annie', 'Long', 'alonggm@lycos.com', 'Female', '212-(687)181-1172', 'Senada', 'https://robohash.org/liberoquisculpa.bmp?size=150x150&set=set1'),
(600, 3, 4, 'Alan', 'Ferguson', 'afergusongn@amazon.co.uk', 'Male', '86-(888)233-7895', 'Binjiang', 'https://robohash.org/nihilcommodiut.bmp?size=150x150&set=set1');
INSERT INTO `train_data` (`id`, `group_id`, `topic_id`, `first_name`, `last_name`, `email`, `gender`, `phone_no`, `place`, `image`) VALUES
(601, 2, 1, 'Joan', 'Tucker', 'jtuckergo@sun.com', 'Female', '1-(818)662-9773', 'Glendale', 'https://robohash.org/asperioresvoluptatemut.bmp?size=150x150&set=set1'),
(602, 5, 3, 'Albert', 'Fox', 'afoxgp@paypal.com', 'Male', '63-(537)986-2872', 'Baracatan', 'https://robohash.org/doloremqueipsumsapiente.png?size=150x150&set=set1'),
(603, 4, 2, 'Brandon', 'Carter', 'bcartergq@diigo.com', 'Male', '54-(482)670-2220', 'Castelli', 'https://robohash.org/eiuscupiditateet.png?size=150x150&set=set1'),
(604, 5, 4, 'Dennis', 'Hudson', 'dhudsongr@spiegel.de', 'Male', '86-(254)504-3681', 'Jiulian', 'https://robohash.org/molestiasquomolestiae.png?size=150x150&set=set1'),
(605, 3, 2, 'Kevin', 'Johnson', 'kjohnsongs@typepad.com', 'Male', '1-(634)430-6295', 'La Sarre', 'https://robohash.org/ipsamdeseruntaliquid.png?size=150x150&set=set1'),
(606, 4, 4, 'Patricia', 'Jenkins', 'pjenkinsgt@gmpg.org', 'Female', '62-(202)538-3702', 'Bantarsari Kulon', 'https://robohash.org/temporeaspernatursed.jpg?size=150x150&set=set1'),
(607, 2, 4, 'Jack', 'Gonzales', 'jgonzalesgu@mayoclinic.com', 'Male', '7-(851)571-8803', 'Balakhta', 'https://robohash.org/voluptatibusquasodit.png?size=150x150&set=set1'),
(608, 3, 4, 'Harry', 'Walker', 'hwalkergv@springer.com', 'Male', '34-(670)782-9545', 'Sevilla', 'https://robohash.org/quaeratsedea.bmp?size=150x150&set=set1'),
(609, 1, 4, 'Brian', 'Woods', 'bwoodsgw@bluehost.com', 'Male', '51-(412)501-6928', 'Oxapampa', 'https://robohash.org/omnisfugiatdolor.jpg?size=150x150&set=set1'),
(610, 3, 3, 'Nancy', 'Stevens', 'nstevensgx@e-recht24.de', 'Female', '358-(457)574-9510', 'Elimäki', 'https://robohash.org/dictaaccusamusrepudiandae.png?size=150x150&set=set1'),
(611, 1, 1, 'Christina', 'Reed', 'creedgy@nbcnews.com', 'Female', '82-(980)285-9864', 'Anseong', 'https://robohash.org/veniamcorporisnon.bmp?size=150x150&set=set1'),
(612, 4, 2, 'Carol', 'Burns', 'cburnsgz@army.mil', 'Female', '30-(308)390-3373', 'Vónitsa', 'https://robohash.org/adipiscianimisunt.png?size=150x150&set=set1'),
(613, 1, 1, 'Joan', 'Perez', 'jperezh0@moonfruit.com', 'Female', '86-(794)773-6629', 'Mengyin', 'https://robohash.org/quislaborummagnam.png?size=150x150&set=set1'),
(614, 5, 3, 'Ruby', 'Andrews', 'randrewsh1@upenn.edu', 'Female', '86-(957)500-7199', 'Guicheng', 'https://robohash.org/aspernaturautvelit.bmp?size=150x150&set=set1'),
(615, 2, 4, 'Joyce', 'Riley', 'jrileyh2@storify.com', 'Female', '86-(386)871-0202', 'Lianpeng', 'https://robohash.org/estasperioressaepe.jpg?size=150x150&set=set1'),
(616, 2, 4, 'Craig', 'Hunter', 'chunterh3@zdnet.com', 'Male', '52-(923)794-9916', 'Juan N Alvarez', 'https://robohash.org/errorautmagnam.bmp?size=150x150&set=set1'),
(617, 1, 1, 'Mark', 'Willis', 'mwillish4@omniture.com', 'Male', '1-(801)798-9835', 'Dauphin', 'https://robohash.org/nullamagnisit.jpg?size=150x150&set=set1'),
(618, 1, 5, 'Janice', 'Sanders', 'jsandersh5@forbes.com', 'Female', '62-(562)772-1516', 'Maronge', 'https://robohash.org/illononet.jpg?size=150x150&set=set1'),
(619, 1, 5, 'Sarah', 'Matthews', 'smatthewsh6@topsy.com', 'Female', '33-(746)420-6973', 'Colmar', 'https://robohash.org/nihilquaeet.jpg?size=150x150&set=set1'),
(620, 2, 3, 'Phillip', 'Chapman', 'pchapmanh7@google.co.uk', 'Male', '374-(412)329-9778', 'Nerk’in Getashen', 'https://robohash.org/velitrepudiandaeexercitationem.jpg?size=150x150&set=set1'),
(621, 2, 1, 'Nicholas', 'Banks', 'nbanksh8@livejournal.com', 'Male', '27-(441)552-9981', 'Ashton', 'https://robohash.org/voluptatemaliquamtemporibus.bmp?size=150x150&set=set1'),
(622, 1, 1, 'Cheryl', 'Barnes', 'cbarnesh9@addthis.com', 'Female', '57-(906)664-0406', 'Angostura', 'https://robohash.org/quiaassumendaexpedita.jpg?size=150x150&set=set1'),
(623, 2, 4, 'Ruth', 'Ward', 'rwardha@weibo.com', 'Female', '86-(672)674-2260', 'Zhongzhou', 'https://robohash.org/pariaturadipiscinatus.png?size=150x150&set=set1'),
(624, 4, 5, 'Anne', 'Crawford', 'acrawfordhb@cnet.com', 'Female', '63-(471)642-9930', 'Gabao', 'https://robohash.org/evenietfacereab.bmp?size=150x150&set=set1'),
(625, 1, 3, 'Henry', 'Hall', 'hhallhc@marketwatch.com', 'Male', '55-(943)669-6109', 'São João dos Patos', 'https://robohash.org/utsednobis.png?size=150x150&set=set1'),
(626, 2, 5, 'Jack', 'White', 'jwhitehd@nyu.edu', 'Male', '55-(222)336-3371', 'Tucano', 'https://robohash.org/eumnihilautem.jpg?size=150x150&set=set1'),
(627, 4, 3, 'Joshua', 'Johnson', 'jjohnsonhe@homestead.com', 'Male', '62-(586)182-0978', 'Manding', 'https://robohash.org/incorporisvel.png?size=150x150&set=set1'),
(628, 3, 1, 'Nicholas', 'Ramirez', 'nramirezhf@domainmarket.com', 'Male', '86-(467)884-5173', 'Kaiyun', 'https://robohash.org/aperiamautmollitia.jpg?size=150x150&set=set1'),
(629, 5, 2, 'William', 'Williams', 'wwilliamshg@webmd.com', 'Male', '7-(297)533-1517', 'Luknovo', 'https://robohash.org/voluptateculpadolor.jpg?size=150x150&set=set1'),
(630, 2, 5, 'Benjamin', 'Lewis', 'blewishh@dailymail.co.uk', 'Male', '86-(359)749-4299', 'Xiaohe', 'https://robohash.org/odioquoet.jpg?size=150x150&set=set1'),
(631, 2, 1, 'Shirley', 'Sanchez', 'ssanchezhi@wsj.com', 'Female', '54-(258)952-0564', 'Malvinas Argentinas', 'https://robohash.org/reprehenderitnecessitatibusquis.bmp?size=150x150&set=set1'),
(632, 2, 2, 'Stephanie', 'Shaw', 'sshawhj@archive.org', 'Female', '84-(929)722-9126', 'C?u Gi?y', 'https://robohash.org/nullaminusquasi.jpg?size=150x150&set=set1'),
(633, 4, 1, 'Rachel', 'Mcdonald', 'rmcdonaldhk@opensource.org', 'Female', '255-(421)579-0650', 'Nungwi', 'https://robohash.org/perspiciatisundeaut.png?size=150x150&set=set1'),
(634, 1, 2, 'Willie', 'Adams', 'wadamshl@utexas.edu', 'Male', '7-(699)516-4432', 'Khvatovka', 'https://robohash.org/ipsumnemoimpedit.bmp?size=150x150&set=set1'),
(635, 5, 5, 'Roger', 'Cox', 'rcoxhm@yelp.com', 'Male', '63-(510)477-4711', 'Dimiao', 'https://robohash.org/iustocumquelaboriosam.jpg?size=150x150&set=set1'),
(636, 5, 1, 'Robin', 'Garcia', 'rgarciahn@ihg.com', 'Female', '58-(558)930-7964', 'San Casimiro', 'https://robohash.org/magnamnisiquia.bmp?size=150x150&set=set1'),
(637, 4, 2, 'Emily', 'Bowman', 'ebowmanho@eventbrite.com', 'Female', '62-(196)316-9707', 'Bojongsari', 'https://robohash.org/fugiatodiodolorem.bmp?size=150x150&set=set1'),
(638, 4, 3, 'Gerald', 'Gordon', 'ggordonhp@pcworld.com', 'Male', '420-(105)176-7754', 'M?sto Libavá', 'https://robohash.org/autestiste.jpg?size=150x150&set=set1'),
(639, 3, 4, 'Sarah', 'Cole', 'scolehq@artisteer.com', 'Female', '86-(529)779-0325', 'Qindu', 'https://robohash.org/eumetut.jpg?size=150x150&set=set1'),
(640, 1, 2, 'Margaret', 'Stephens', 'mstephenshr@barnesandnoble.com', 'Female', '1-(526)501-5607', 'Speightstown', 'https://robohash.org/assumendaremaut.jpg?size=150x150&set=set1'),
(641, 3, 2, 'Billy', 'Burns', 'bburnshs@constantcontact.com', 'Male', '7-(235)309-9154', 'Shebalino', 'https://robohash.org/etquoperferendis.png?size=150x150&set=set1'),
(642, 4, 2, 'Tina', 'Stone', 'tstoneht@gravatar.com', 'Female', '375-(927)269-1107', 'Hrodna', 'https://robohash.org/quiconsequunturdolorum.png?size=150x150&set=set1'),
(643, 3, 2, 'Ruby', 'Washington', 'rwashingtonhu@ocn.ne.jp', 'Female', '86-(624)854-0306', 'Jingzhou', 'https://robohash.org/laboredolornesciunt.png?size=150x150&set=set1'),
(644, 1, 3, 'Frances', 'Larson', 'flarsonhv@yale.edu', 'Female', '86-(174)351-8427', 'Jiujiang', 'https://robohash.org/sitreiciendisfugit.png?size=150x150&set=set1'),
(645, 4, 3, 'Harry', 'Reid', 'hreidhw@etsy.com', 'Male', '504-(568)618-5642', 'San Esteban', 'https://robohash.org/velutnon.bmp?size=150x150&set=set1'),
(646, 4, 5, 'Deborah', 'Larson', 'dlarsonhx@histats.com', 'Female', '63-(633)908-2868', 'Acao', 'https://robohash.org/cupiditatealiasvoluptas.bmp?size=150x150&set=set1'),
(647, 2, 1, 'Joshua', 'Jackson', 'jjacksonhy@ow.ly', 'Male', '31-(167)893-4112', 'Venlo', 'https://robohash.org/rerumsedmodi.bmp?size=150x150&set=set1'),
(648, 5, 5, 'Terry', 'Day', 'tdayhz@wsj.com', 'Male', '86-(862)973-8449', 'Wanfang', 'https://robohash.org/aliquamullamdicta.jpg?size=150x150&set=set1'),
(649, 1, 1, 'Mildred', 'Franklin', 'mfranklini0@blogger.com', 'Female', '86-(211)465-2229', 'Huanshan', 'https://robohash.org/temporibusrecusandaeiste.bmp?size=150x150&set=set1'),
(650, 4, 1, 'Larry', 'Burton', 'lburtoni1@utexas.edu', 'Male', '62-(256)447-2196', 'Gading', 'https://robohash.org/sitliberoea.bmp?size=150x150&set=set1'),
(651, 3, 3, 'Theresa', 'Lewis', 'tlewisi2@diigo.com', 'Female', '1-(387)119-9851', 'Marathon', 'https://robohash.org/eumerroret.png?size=150x150&set=set1'),
(652, 2, 5, 'Judy', 'Stone', 'jstonei3@squidoo.com', 'Female', '62-(176)941-9706', 'Sungai Raya', 'https://robohash.org/consequaturadipisciea.bmp?size=150x150&set=set1'),
(653, 2, 5, 'Mary', 'Davis', 'mdavisi4@ft.com', 'Female', '86-(279)332-6713', 'Sanchahe', 'https://robohash.org/cumquequispraesentium.png?size=150x150&set=set1'),
(654, 4, 1, 'Pamela', 'Freeman', 'pfreemani5@eventbrite.com', 'Female', '33-(523)215-4107', 'Paris 02', 'https://robohash.org/veniamreprehenderitsapiente.jpg?size=150x150&set=set1'),
(655, 4, 5, 'Sarah', 'Fowler', 'sfowleri6@dropbox.com', 'Female', '62-(612)920-5525', 'Kabukarudi', 'https://robohash.org/nemoearumrerum.png?size=150x150&set=set1'),
(656, 5, 2, 'Debra', 'Morrison', 'dmorrisoni7@tuttocitta.it', 'Female', '86-(382)444-6200', 'Guanxi', 'https://robohash.org/eaquiavoluptatem.bmp?size=150x150&set=set1'),
(657, 2, 5, 'Rose', 'Olson', 'rolsoni8@va.gov', 'Female', '353-(833)589-4527', 'Swinford', 'https://robohash.org/etquosut.png?size=150x150&set=set1'),
(658, 2, 3, 'Kathy', 'Reid', 'kreidi9@google.com.au', 'Female', '55-(823)428-6999', 'Iguape', 'https://robohash.org/quidolorumeum.png?size=150x150&set=set1'),
(659, 4, 1, 'Todd', 'Smith', 'tsmithia@tuttocitta.it', 'Male', '7-(469)284-3159', 'Ruzayevka', 'https://robohash.org/evenietundeconsequatur.jpg?size=150x150&set=set1'),
(660, 2, 1, 'Frances', 'Morrison', 'fmorrisonib@upenn.edu', 'Female', '504-(578)880-3060', 'El Guapinol', 'https://robohash.org/etaccusantiumsit.jpg?size=150x150&set=set1'),
(661, 3, 4, 'Tina', 'Greene', 'tgreeneic@mtv.com', 'Female', '81-(374)631-5355', 'Yokotemachi', 'https://robohash.org/undemolestiaeearum.jpg?size=150x150&set=set1'),
(662, 2, 3, 'Nicholas', 'Day', 'ndayid@wired.com', 'Male', '63-(508)343-0352', 'San Antonio', 'https://robohash.org/aliquamsitculpa.bmp?size=150x150&set=set1'),
(663, 2, 2, 'Patricia', 'Stewart', 'pstewartie@latimes.com', 'Female', '370-(694)336-2901', 'Kupiskis', 'https://robohash.org/veniamrerumsit.png?size=150x150&set=set1'),
(664, 2, 2, 'Benjamin', 'Smith', 'bsmithif@sun.com', 'Male', '39-(887)447-0063', 'Verona', 'https://robohash.org/rerumsuscipitbeatae.jpg?size=150x150&set=set1'),
(665, 3, 4, 'Kelly', 'Carr', 'kcarrig@theatlantic.com', 'Female', '86-(814)407-7797', 'Lingshan', 'https://robohash.org/sedipsaadipisci.jpg?size=150x150&set=set1'),
(666, 4, 4, 'Denise', 'Ramirez', 'dramirezih@baidu.com', 'Female', '358-(152)950-7893', 'Ingå', 'https://robohash.org/consequaturmollitiaaccusantium.bmp?size=150x150&set=set1'),
(667, 3, 4, 'Brenda', 'Gray', 'bgrayii@latimes.com', 'Female', '62-(428)821-8353', 'Cikijing', 'https://robohash.org/delectusdoloremesse.png?size=150x150&set=set1'),
(668, 3, 4, 'Jeffrey', 'Diaz', 'jdiazij@slate.com', 'Male', '55-(580)855-2141', 'Jaguaribe', 'https://robohash.org/idlaboresuscipit.jpg?size=150x150&set=set1'),
(669, 5, 4, 'Joshua', 'Armstrong', 'jarmstrongik@apple.com', 'Male', '86-(648)845-4317', 'Sanzao', 'https://robohash.org/autemipsumconsequatur.jpg?size=150x150&set=set1'),
(670, 2, 1, 'Jesse', 'Carpenter', 'jcarpenteril@bandcamp.com', 'Male', '359-(156)443-1700', 'Chirpan', 'https://robohash.org/quaeratdeseruntesse.png?size=150x150&set=set1'),
(671, 5, 1, 'Dennis', 'Andrews', 'dandrewsim@topsy.com', 'Male', '1-(217)619-8509', 'Timmins', 'https://robohash.org/itaquevoluptatemiste.png?size=150x150&set=set1'),
(672, 2, 4, 'Michelle', 'Gray', 'mgrayin@twitpic.com', 'Female', '48-(413)150-7870', 'S?dziejowice', 'https://robohash.org/idsunttempora.bmp?size=150x150&set=set1'),
(673, 5, 1, 'Jane', 'Stanley', 'jstanleyio@cbslocal.com', 'Female', '66-(553)635-1464', 'Nong Phok', 'https://robohash.org/voluptatibusutsit.png?size=150x150&set=set1'),
(674, 4, 3, 'Andrea', 'Graham', 'agrahamip@accuweather.com', 'Female', '48-(119)608-4468', 'Maciejowice', 'https://robohash.org/adipisciiustoquae.bmp?size=150x150&set=set1'),
(675, 5, 3, 'Willie', 'Morris', 'wmorrisiq@xrea.com', 'Male', '1-(757)860-5245', 'Norfolk', 'https://robohash.org/voluptastemporaquo.jpg?size=150x150&set=set1'),
(676, 1, 1, 'Nicholas', 'Simmons', 'nsimmonsir@archive.org', 'Male', '387-(214)873-5234', 'Koran', 'https://robohash.org/eumvoluptatemaperiam.jpg?size=150x150&set=set1'),
(677, 5, 3, 'Jessica', 'Ward', 'jwardis@soup.io', 'Female', '351-(927)213-0205', 'Aldeia de Juzo', 'https://robohash.org/autconsequaturut.bmp?size=150x150&set=set1'),
(678, 2, 5, 'Annie', 'Morrison', 'amorrisonit@is.gd', 'Female', '86-(216)849-5281', 'Luoshan', 'https://robohash.org/etilloeveniet.jpg?size=150x150&set=set1'),
(679, 1, 2, 'Anne', 'Jenkins', 'ajenkinsiu@salon.com', 'Female', '504-(968)412-8596', 'Nueva Ocotepeque', 'https://robohash.org/doloremsolutaofficia.jpg?size=150x150&set=set1'),
(680, 5, 3, 'Alan', 'Hamilton', 'ahamiltoniv@geocities.jp', 'Male', '54-(545)792-2513', 'Ordóñez', 'https://robohash.org/velitlaboriosamodit.jpg?size=150x150&set=set1'),
(681, 5, 2, 'Nicole', 'Turner', 'nturneriw@seattletimes.com', 'Female', '30-(119)953-2670', 'Kokkónion', 'https://robohash.org/placeatvelnostrum.png?size=150x150&set=set1'),
(682, 3, 2, 'Wanda', 'Russell', 'wrussellix@123-reg.co.uk', 'Female', '54-(277)600-2221', 'General Roca', 'https://robohash.org/modiconsecteturcumque.bmp?size=150x150&set=set1'),
(683, 4, 2, 'Joseph', 'Bennett', 'jbennettiy@eepurl.com', 'Male', '504-(736)806-4492', 'Corpus', 'https://robohash.org/perspiciatisnobisvoluptas.bmp?size=150x150&set=set1'),
(684, 1, 2, 'Joan', 'Cook', 'jcookiz@i2i.jp', 'Female', '33-(285)610-0246', 'Blois', 'https://robohash.org/sedametest.bmp?size=150x150&set=set1'),
(685, 4, 2, 'Tina', 'Murray', 'tmurrayj0@w3.org', 'Female', '48-(235)750-6887', 'Czerniewice', 'https://robohash.org/idconsequuntureaque.png?size=150x150&set=set1'),
(686, 2, 5, 'Howard', 'Sanchez', 'hsanchezj1@amazon.com', 'Male', '55-(537)116-5169', 'Porangatu', 'https://robohash.org/etestperferendis.bmp?size=150x150&set=set1'),
(687, 2, 2, 'Julia', 'Austin', 'jaustinj2@tamu.edu', 'Female', '351-(865)489-2744', 'Moita da Roda', 'https://robohash.org/omnispraesentiumin.jpg?size=150x150&set=set1'),
(688, 5, 1, 'David', 'Day', 'ddayj3@sbwire.com', 'Male', '33-(216)644-4893', 'Dieppe', 'https://robohash.org/distinctioaliaseos.jpg?size=150x150&set=set1'),
(689, 5, 3, 'Laura', 'Frazier', 'lfrazierj4@zimbio.com', 'Female', '380-(401)693-0103', 'Feodosiya', 'https://robohash.org/nihilcupiditateincidunt.jpg?size=150x150&set=set1'),
(690, 5, 1, 'Edward', 'Rice', 'ericej5@cdbaby.com', 'Male', '62-(523)569-3239', 'Dalududalu', 'https://robohash.org/etquiquis.bmp?size=150x150&set=set1'),
(691, 3, 5, 'Carolyn', 'Mitchell', 'cmitchellj6@pinterest.com', 'Female', '386-(723)737-9000', 'Zgornje Bitnje', 'https://robohash.org/praesentiumfugavoluptatem.jpg?size=150x150&set=set1'),
(692, 1, 3, 'William', 'Palmer', 'wpalmerj7@eepurl.com', 'Male', '86-(462)817-9766', 'Heiiyugou', 'https://robohash.org/consecteturplaceatreprehenderit.jpg?size=150x150&set=set1'),
(693, 2, 2, 'John', 'Gutierrez', 'jgutierrezj8@slideshare.net', 'Male', '51-(747)692-0725', 'Shapaja', 'https://robohash.org/sedconsequaturexercitationem.bmp?size=150x150&set=set1'),
(694, 3, 1, 'Stephanie', 'Long', 'slongj9@msu.edu', 'Female', '36-(810)924-4429', 'Budapest', 'https://robohash.org/corruptidolorquia.bmp?size=150x150&set=set1'),
(695, 1, 1, 'Jose', 'Harper', 'jharperja@economist.com', 'Male', '86-(851)597-1197', 'Fushan', 'https://robohash.org/minimaitaquesed.jpg?size=150x150&set=set1'),
(696, 5, 3, 'Jane', 'Hart', 'jhartjb@techcrunch.com', 'Female', '1-(512)753-1744', 'Austin', 'https://robohash.org/nihildictavoluptas.bmp?size=150x150&set=set1'),
(697, 3, 3, 'Linda', 'Hawkins', 'lhawkinsjc@tiny.cc', 'Female', '504-(841)217-7827', 'Omoa', 'https://robohash.org/doloremqueculpavoluptatum.jpg?size=150x150&set=set1'),
(698, 2, 5, 'Albert', 'Bennett', 'abennettjd@timesonline.co.uk', 'Male', '81-(382)424-4648', 'Tsuma', 'https://robohash.org/fugiatculparepellat.jpg?size=150x150&set=set1'),
(699, 4, 5, 'Craig', 'Berry', 'cberryje@cloudflare.com', 'Male', '86-(213)456-9567', 'Caopie', 'https://robohash.org/autdoloread.bmp?size=150x150&set=set1'),
(700, 3, 3, 'Douglas', 'Spencer', 'dspencerjf@goo.ne.jp', 'Male', '51-(751)304-2431', 'Huacrapuquio', 'https://robohash.org/nobisametdolor.bmp?size=150x150&set=set1'),
(701, 2, 3, 'Alan', 'Berry', 'aberryjg@studiopress.com', 'Male', '63-(142)130-6765', 'Balayong', 'https://robohash.org/officiisnihilsuscipit.png?size=150x150&set=set1'),
(702, 4, 5, 'Gerald', 'Fox', 'gfoxjh@deviantart.com', 'Male', '370-(333)887-4348', 'Silute', 'https://robohash.org/utdeseruntipsa.jpg?size=150x150&set=set1'),
(703, 5, 2, 'Douglas', 'Romero', 'dromeroji@sun.com', 'Male', '375-(393)653-8859', 'Ros’', 'https://robohash.org/numquamistetemporibus.bmp?size=150x150&set=set1'),
(704, 4, 1, 'Jane', 'Rodriguez', 'jrodriguezjj@vkontakte.ru', 'Female', '53-(988)394-1059', 'Ranchuelo', 'https://robohash.org/numquamrationedolor.bmp?size=150x150&set=set1'),
(705, 4, 2, 'Henry', 'Davis', 'hdavisjk@feedburner.com', 'Male', '381-(131)880-8556', 'Bilja?a', 'https://robohash.org/maximeeaqueiste.bmp?size=150x150&set=set1'),
(706, 4, 1, 'Martin', 'Clark', 'mclarkjl@auda.org.au', 'Male', '420-(498)115-4153', 'Františkovy Lázn?', 'https://robohash.org/ullampraesentiummolestiae.png?size=150x150&set=set1'),
(707, 3, 5, 'Tina', 'Simmons', 'tsimmonsjm@gizmodo.com', 'Female', '86-(515)526-4066', 'Bacun', 'https://robohash.org/assumendautlibero.png?size=150x150&set=set1'),
(708, 5, 1, 'Virginia', 'Mcdonald', 'vmcdonaldjn@cafepress.com', 'Female', '1-(501)861-9875', 'Little Rock', 'https://robohash.org/etvoluptatessed.bmp?size=150x150&set=set1'),
(709, 5, 3, 'Brian', 'Hernandez', 'bhernandezjo@chron.com', 'Male', '86-(639)353-5634', 'Wan’an', 'https://robohash.org/dolorumdistinctioalias.bmp?size=150x150&set=set1'),
(710, 1, 4, 'Justin', 'Morales', 'jmoralesjp@so-net.ne.jp', 'Male', '30-(278)501-2228', 'Limenária', 'https://robohash.org/accusamusquiaunde.bmp?size=150x150&set=set1'),
(711, 5, 5, 'Linda', 'Mccoy', 'lmccoyjq@shareasale.com', 'Female', '86-(810)295-0987', 'Xieqiao', 'https://robohash.org/sitistesoluta.png?size=150x150&set=set1'),
(712, 2, 2, 'Jacqueline', 'Smith', 'jsmithjr@dmoz.org', 'Female', '63-(355)981-3977', 'Vitali', 'https://robohash.org/quinonet.jpg?size=150x150&set=set1'),
(713, 5, 4, 'Nicholas', 'Dean', 'ndeanjs@loc.gov', 'Male', '255-(540)646-5779', 'Isaka', 'https://robohash.org/iureundenemo.png?size=150x150&set=set1'),
(714, 1, 2, 'Victor', 'Cole', 'vcolejt@dmoz.org', 'Male', '46-(674)441-0049', 'Kalmar', 'https://robohash.org/quiquiexcepturi.bmp?size=150x150&set=set1'),
(715, 4, 2, 'Melissa', 'Nelson', 'mnelsonju@amazon.co.jp', 'Female', '351-(714)846-7476', 'Vale de Figueira', 'https://robohash.org/dolorarchitectoquasi.bmp?size=150x150&set=set1'),
(716, 1, 3, 'Adam', 'Ramos', 'aramosjv@weebly.com', 'Male', '220-(141)657-0561', 'Kunting', 'https://robohash.org/temporaexofficia.jpg?size=150x150&set=set1'),
(717, 5, 1, 'Jennifer', 'Griffin', 'jgriffinjw@independent.co.uk', 'Female', '504-(737)666-7096', 'Orocuina', 'https://robohash.org/etdoloremenim.png?size=150x150&set=set1'),
(718, 4, 5, 'Emily', 'Gutierrez', 'egutierrezjx@boston.com', 'Female', '48-(841)250-9772', 'Zwierzy?', 'https://robohash.org/odiofaceretempore.bmp?size=150x150&set=set1'),
(719, 5, 2, 'Lillian', 'Harper', 'lharperjy@cisco.com', 'Female', '55-(456)220-0925', 'Caieiras', 'https://robohash.org/facerelaudantiumfacilis.jpg?size=150x150&set=set1'),
(720, 4, 3, 'Adam', 'Ellis', 'aellisjz@harvard.edu', 'Male', '33-(790)792-5838', 'Lyon', 'https://robohash.org/quiquaeullam.jpg?size=150x150&set=set1'),
(721, 2, 2, 'Kathy', 'Frazier', 'kfrazierk0@tinypic.com', 'Female', '372-(408)987-2016', 'Aseri', 'https://robohash.org/doloribusadolore.png?size=150x150&set=set1'),
(722, 4, 3, 'Jessica', 'Brooks', 'jbrooksk1@google.cn', 'Female', '48-(850)305-7534', 'D?be Wielkie', 'https://robohash.org/cumquepraesentiumminus.png?size=150x150&set=set1'),
(723, 2, 1, 'Richard', 'Price', 'rpricek2@dagondesign.com', 'Male', '86-(670)561-6273', 'Songdong', 'https://robohash.org/quibusdamcupiditatererum.jpg?size=150x150&set=set1'),
(724, 3, 4, 'Linda', 'Mcdonald', 'lmcdonaldk3@twitpic.com', 'Female', '353-(658)859-8599', 'Ballybofey', 'https://robohash.org/nonomnisqui.jpg?size=150x150&set=set1'),
(725, 1, 1, 'Donna', 'Gutierrez', 'dgutierrezk4@ucla.edu', 'Female', '63-(983)293-1373', 'San Nicolas', 'https://robohash.org/doloremquenullaad.bmp?size=150x150&set=set1'),
(726, 4, 3, 'Marilyn', 'Mills', 'mmillsk5@yahoo.co.jp', 'Female', '993-(685)261-5117', 'Türkmenba?y', 'https://robohash.org/doloreetrerum.jpg?size=150x150&set=set1'),
(727, 3, 5, 'Ernest', 'Owens', 'eowensk6@google.ca', 'Male', '380-(209)250-7502', 'Krasnyy Luch', 'https://robohash.org/sedomnisdolor.png?size=150x150&set=set1'),
(728, 5, 2, 'Tina', 'Jordan', 'tjordank7@netvibes.com', 'Female', '504-(461)299-5198', 'El Ocotón', 'https://robohash.org/aspernaturquiaquia.jpg?size=150x150&set=set1'),
(729, 5, 2, 'Sandra', 'Lopez', 'slopezk8@nationalgeographic.com', 'Female', '46-(628)693-1255', 'Uppsala', 'https://robohash.org/eaquedoloremeveniet.bmp?size=150x150&set=set1'),
(730, 3, 2, 'Robin', 'Gomez', 'rgomezk9@bbc.co.uk', 'Female', '52-(576)686-2425', 'San Jose', 'https://robohash.org/laborepariaturest.bmp?size=150x150&set=set1'),
(731, 5, 3, 'Elizabeth', 'Patterson', 'epattersonka@stanford.edu', 'Female', '355-(838)308-9585', 'Kushovë', 'https://robohash.org/officiaexqui.bmp?size=150x150&set=set1'),
(732, 4, 1, 'Earl', 'Austin', 'eaustinkb@hao123.com', 'Male', '63-(407)879-9955', 'Kalawit', 'https://robohash.org/earumetvoluptatem.jpg?size=150x150&set=set1'),
(733, 3, 3, 'Charles', 'Lee', 'cleekc@google.com', 'Male', '46-(750)925-3622', 'Osby', 'https://robohash.org/providentiureconsequatur.png?size=150x150&set=set1'),
(734, 4, 1, 'Jeremy', 'Perry', 'jperrykd@diigo.com', 'Male', '81-(876)713-9814', 'Mito-shi', 'https://robohash.org/accusantiumtemporenostrum.jpg?size=150x150&set=set1'),
(735, 3, 4, 'Brian', 'Griffin', 'bgriffinke@mysql.com', 'Male', '48-(861)512-9853', 'Palcza', 'https://robohash.org/estvoluptatemporro.bmp?size=150x150&set=set1'),
(736, 2, 5, 'Teresa', 'Day', 'tdaykf@boston.com', 'Female', '86-(346)380-7300', 'Yanggang', 'https://robohash.org/facerevitaenecessitatibus.png?size=150x150&set=set1'),
(737, 2, 3, 'Sean', 'Johnson', 'sjohnsonkg@constantcontact.com', 'Male', '48-(612)452-9175', 'Kolbudy', 'https://robohash.org/consequunturquienim.jpg?size=150x150&set=set1'),
(738, 3, 5, 'Victor', 'Johnston', 'vjohnstonkh@xing.com', 'Male', '51-(706)299-4972', 'Nueva Cajamarca', 'https://robohash.org/quorationeet.png?size=150x150&set=set1'),
(739, 4, 3, 'Shawn', 'Hall', 'shallki@gravatar.com', 'Male', '66-(229)262-9720', 'Mae Hi', 'https://robohash.org/autundequo.bmp?size=150x150&set=set1'),
(740, 5, 4, 'Deborah', 'Rodriguez', 'drodriguezkj@1688.com', 'Female', '62-(984)780-6383', 'Pantenan', 'https://robohash.org/doloresabsunt.jpg?size=150x150&set=set1'),
(741, 2, 2, 'Annie', 'Foster', 'afosterkk@gravatar.com', 'Female', '998-(982)122-9622', 'Qorovulbozor Shahri', 'https://robohash.org/quasfugitatque.bmp?size=150x150&set=set1'),
(742, 5, 4, 'Terry', 'Myers', 'tmyerskl@ibm.com', 'Male', '977-(189)780-5553', 'Kirtipur', 'https://robohash.org/quidistinctiosuscipit.jpg?size=150x150&set=set1'),
(743, 4, 2, 'Carol', 'Ward', 'cwardkm@google.ca', 'Female', '62-(106)663-1113', 'Sulitair', 'https://robohash.org/eadolorrepellendus.png?size=150x150&set=set1'),
(744, 2, 2, 'Melissa', 'Andrews', 'mandrewskn@usda.gov', 'Female', '86-(596)810-5080', 'Dongmaku', 'https://robohash.org/nonnonsunt.png?size=150x150&set=set1'),
(745, 2, 5, 'Arthur', 'Rodriguez', 'arodriguezko@multiply.com', 'Male', '380-(417)859-2429', 'Bila Krynytsya', 'https://robohash.org/perspiciatiscumquenisi.jpg?size=150x150&set=set1'),
(746, 5, 4, 'Adam', 'Cruz', 'acruzkp@sbwire.com', 'Male', '212-(538)682-5850', 'Galaz', 'https://robohash.org/possimusdignissimoscommodi.bmp?size=150x150&set=set1'),
(747, 2, 3, 'Eric', 'Washington', 'ewashingtonkq@reuters.com', 'Male', '48-(298)593-1058', '?omianki', 'https://robohash.org/itaquedoloreset.jpg?size=150x150&set=set1'),
(748, 1, 1, 'Albert', 'Stanley', 'astanleykr@hubpages.com', 'Male', '55-(275)559-6393', 'Penha', 'https://robohash.org/dignissimosplaceatullam.jpg?size=150x150&set=set1'),
(749, 4, 2, 'Robert', 'Payne', 'rpayneks@theatlantic.com', 'Male', '63-(685)791-1591', 'Santisimo Rosario', 'https://robohash.org/abomnisdistinctio.jpg?size=150x150&set=set1'),
(750, 5, 2, 'Julie', 'Hawkins', 'jhawkinskt@businessweek.com', 'Female', '57-(449)259-1560', 'La Dorada', 'https://robohash.org/excepturireiciendissed.bmp?size=150x150&set=set1'),
(751, 4, 1, 'Andrew', 'Bennett', 'abennettku@360.cn', 'Male', '7-(371)650-9672', 'Zavolzh’ye', 'https://robohash.org/dignissimosdoloresdelectus.png?size=150x150&set=set1'),
(752, 1, 4, 'Justin', 'Day', 'jdaykv@google.ca', 'Male', '49-(856)178-9306', 'Dortmund', 'https://robohash.org/ameteligendicumque.png?size=150x150&set=set1'),
(753, 5, 5, 'Maria', 'Reed', 'mreedkw@cbsnews.com', 'Female', '86-(402)857-8802', 'Zhuangbian', 'https://robohash.org/autdistinctioquae.png?size=150x150&set=set1'),
(754, 1, 5, 'Earl', 'Austin', 'eaustinkx@bloglovin.com', 'Male', '1-(412)252-7524', 'Pittsburgh', 'https://robohash.org/ateligendiquidem.bmp?size=150x150&set=set1'),
(755, 3, 1, 'Christopher', 'Bradley', 'cbradleyky@imgur.com', 'Male', '62-(138)333-8888', 'Karangampel', 'https://robohash.org/quisquamsitvero.bmp?size=150x150&set=set1'),
(756, 1, 5, 'Kevin', 'Howell', 'khowellkz@com.com', 'Male', '46-(879)241-8902', 'Karlskoga', 'https://robohash.org/voluptatestemporaipsa.png?size=150x150&set=set1'),
(757, 2, 3, 'Catherine', 'Black', 'cblackl0@businessweek.com', 'Female', '251-(131)534-0181', 'Turmi', 'https://robohash.org/aliquidsiteaque.png?size=150x150&set=set1'),
(758, 1, 4, 'Jennifer', 'Williams', 'jwilliamsl1@alexa.com', 'Female', '55-(660)752-0914', 'Itapetininga', 'https://robohash.org/nondebitisplaceat.bmp?size=150x150&set=set1'),
(759, 4, 2, 'Steve', 'Payne', 'spaynel2@skyrock.com', 'Male', '48-(378)871-0079', 'Zalewo', 'https://robohash.org/quietnihil.bmp?size=150x150&set=set1'),
(760, 1, 4, 'Mark', 'Bennett', 'mbennettl3@answers.com', 'Male', '290-(134)623-1557', 'Edinburgh of the Seven Seas', 'https://robohash.org/possimusetsuscipit.jpg?size=150x150&set=set1'),
(761, 1, 5, 'Louis', 'Ramos', 'lramosl4@xrea.com', 'Male', '98-(520)983-8767', 'pamas', 'https://robohash.org/dictaenimillo.jpg?size=150x150&set=set1'),
(762, 3, 4, 'Eugene', 'Nelson', 'enelsonl5@intel.com', 'Male', '995-(647)119-7434', 'Batumi', 'https://robohash.org/reiciendisdelenitiaccusamus.bmp?size=150x150&set=set1'),
(763, 3, 4, 'William', 'Burns', 'wburnsl6@wsj.com', 'Male', '380-(301)137-7213', 'Energodar', 'https://robohash.org/numquamenimcorrupti.png?size=150x150&set=set1'),
(764, 2, 2, 'Chris', 'Berry', 'cberryl7@1und1.de', 'Male', '86-(206)193-0008', 'Jiufeng', 'https://robohash.org/magniinsed.png?size=150x150&set=set1'),
(765, 4, 5, 'Steven', 'Mason', 'smasonl8@washingtonpost.com', 'Male', '46-(182)396-0161', 'Gävle', 'https://robohash.org/molestiaesitdolores.bmp?size=150x150&set=set1'),
(766, 3, 2, 'Brandon', 'Riley', 'brileyl9@yolasite.com', 'Male', '62-(255)189-5732', 'Sentani', 'https://robohash.org/similiqueautmaxime.png?size=150x150&set=set1'),
(767, 5, 5, 'Sharon', 'Washington', 'swashingtonla@ebay.co.uk', 'Female', '86-(684)706-8429', 'Heku', 'https://robohash.org/consecteturnonomnis.jpg?size=150x150&set=set1'),
(768, 5, 1, 'Scott', 'Reed', 'sreedlb@chronoengine.com', 'Male', '351-(220)798-1384', 'Vale de Figueira', 'https://robohash.org/veniamnemodebitis.bmp?size=150x150&set=set1'),
(769, 4, 4, 'Denise', 'Lopez', 'dlopezlc@arstechnica.com', 'Female', '86-(431)746-6716', 'Dongming Chengguanzhen', 'https://robohash.org/rationenemoqui.png?size=150x150&set=set1'),
(770, 4, 2, 'Roy', 'Baker', 'rbakerld@yelp.com', 'Male', '7-(533)472-2419', 'Krasnyy Kholm', 'https://robohash.org/laudantiuminciduntut.png?size=150x150&set=set1'),
(771, 3, 3, 'Kevin', 'Ellis', 'kellisle@g.co', 'Male', '86-(675)519-9682', 'Shilu', 'https://robohash.org/corruptiminimaut.bmp?size=150x150&set=set1'),
(772, 3, 5, 'Randy', 'Hall', 'rhalllf@facebook.com', 'Male', '93-(108)809-2739', 'Zaranj', 'https://robohash.org/mollitiaeosmaxime.jpg?size=150x150&set=set1'),
(773, 1, 2, 'Alan', 'Parker', 'aparkerlg@arizona.edu', 'Male', '244-(517)851-7148', 'Saurimo', 'https://robohash.org/consecteturminimaiure.bmp?size=150x150&set=set1'),
(774, 5, 2, 'Patrick', 'Reynolds', 'preynoldslh@gizmodo.com', 'Male', '53-(299)986-1938', 'Alamar', 'https://robohash.org/consequaturnecessitatibusinventore.bmp?size=150x150&set=set1'),
(775, 1, 4, 'Peter', 'Morgan', 'pmorganli@wisc.edu', 'Male', '46-(494)621-2180', 'Huddinge', 'https://robohash.org/infugitest.jpg?size=150x150&set=set1'),
(776, 2, 1, 'Juan', 'Wagner', 'jwagnerlj@mayoclinic.com', 'Male', '62-(465)265-0425', 'Klampis', 'https://robohash.org/isteaccusamusveritatis.png?size=150x150&set=set1'),
(777, 2, 5, 'Joseph', 'Jackson', 'jjacksonlk@issuu.com', 'Male', '62-(166)258-0457', 'Tatebal', 'https://robohash.org/aliashicvoluptates.png?size=150x150&set=set1'),
(778, 3, 3, 'Christine', 'Marshall', 'cmarshallll@webs.com', 'Female', '1-(901)571-2502', 'Memphis', 'https://robohash.org/dolorevenietfuga.jpg?size=150x150&set=set1'),
(779, 4, 4, 'Kelly', 'Ramos', 'kramoslm@mayoclinic.com', 'Female', '48-(483)820-4194', 'G?owno', 'https://robohash.org/etlaboriosamodio.png?size=150x150&set=set1'),
(780, 2, 4, 'Bobby', 'Ward', 'bwardln@soup.io', 'Male', '380-(707)170-4955', 'Zaporizhzhya', 'https://robohash.org/quisinventorererum.bmp?size=150x150&set=set1'),
(781, 4, 1, 'Nicholas', 'Hawkins', 'nhawkinslo@nba.com', 'Male', '420-(325)858-8606', 'Blažovice', 'https://robohash.org/quiipsumnobis.bmp?size=150x150&set=set1'),
(782, 3, 1, 'Edward', 'Rose', 'eroselp@gmpg.org', 'Male', '86-(292)560-8600', 'Miaoxi', 'https://robohash.org/etautmolestiae.png?size=150x150&set=set1'),
(783, 5, 4, 'Wayne', 'Garcia', 'wgarcialq@google.co.jp', 'Male', '63-(432)264-5542', 'Banaba', 'https://robohash.org/culpanumquamsed.png?size=150x150&set=set1'),
(784, 2, 2, 'Rebecca', 'Hall', 'rhalllr@guardian.co.uk', 'Female', '81-(554)304-3322', 'Tsu-shi', 'https://robohash.org/quoprovidentsed.jpg?size=150x150&set=set1'),
(785, 1, 4, 'Daniel', 'Roberts', 'drobertsls@myspace.com', 'Male', '86-(411)850-3448', 'Jiading', 'https://robohash.org/etnumquamconsequuntur.png?size=150x150&set=set1'),
(786, 2, 3, 'Victor', 'Schmidt', 'vschmidtlt@i2i.jp', 'Male', '86-(658)617-9310', 'Qiuchuan', 'https://robohash.org/fugitdoloresullam.jpg?size=150x150&set=set1'),
(787, 2, 2, 'Ann', 'Wagner', 'awagnerlu@w3.org', 'Female', '81-(216)307-4022', 'Onomichi', 'https://robohash.org/undeauteveniet.bmp?size=150x150&set=set1'),
(788, 2, 2, 'Catherine', 'Harper', 'charperlv@sciencedaily.com', 'Female', '86-(219)494-3350', 'Hadayang', 'https://robohash.org/aliquidquoasperiores.bmp?size=150x150&set=set1'),
(789, 1, 4, 'Jason', 'Gonzales', 'jgonzaleslw@wp.com', 'Male', '420-(538)396-3029', 'T?ebí?', 'https://robohash.org/nihilaaut.png?size=150x150&set=set1'),
(790, 2, 1, 'Marie', 'Bowman', 'mbowmanlx@latimes.com', 'Female', '47-(771)203-5015', 'Skien', 'https://robohash.org/exercitationemconsequunturquaerat.jpg?size=150x150&set=set1'),
(791, 3, 1, 'Evelyn', 'Carpenter', 'ecarpenterly@tripadvisor.com', 'Female', '256-(923)374-9233', 'Kitamilo', 'https://robohash.org/nihilsaepevoluptas.png?size=150x150&set=set1'),
(792, 5, 3, 'Johnny', 'Coleman', 'jcolemanlz@amazon.de', 'Male', '7-(739)873-4733', 'Orekhovo-Zuyevo', 'https://robohash.org/quissintcumque.jpg?size=150x150&set=set1'),
(793, 2, 1, 'Johnny', 'Hamilton', 'jhamiltonm0@arstechnica.com', 'Male', '7-(458)498-3321', 'Valerik', 'https://robohash.org/delectusminusreprehenderit.png?size=150x150&set=set1'),
(794, 3, 1, 'Bonnie', 'Ray', 'braym1@usda.gov', 'Female', '229-(215)765-0603', 'Parakou', 'https://robohash.org/maximeveniamet.bmp?size=150x150&set=set1'),
(795, 5, 1, 'Sandra', 'Arnold', 'sarnoldm2@mtv.com', 'Female', '63-(383)739-7015', 'Balayong', 'https://robohash.org/mollitiavelet.jpg?size=150x150&set=set1'),
(796, 1, 5, 'Heather', 'Romero', 'hromerom3@wikispaces.com', 'Female', '46-(143)674-8928', 'Ulricehamn', 'https://robohash.org/estexet.jpg?size=150x150&set=set1'),
(797, 1, 1, 'Jimmy', 'Jenkins', 'jjenkinsm4@bloomberg.com', 'Male', '86-(262)461-9432', 'Lüyang', 'https://robohash.org/omniscumtemporibus.jpg?size=150x150&set=set1'),
(798, 4, 3, 'Gerald', 'Simpson', 'gsimpsonm5@g.co', 'Male', '86-(290)665-6920', 'Shiqiao', 'https://robohash.org/aperiamnisiiure.jpg?size=150x150&set=set1'),
(799, 2, 3, 'Juan', 'Moore', 'jmoorem6@bloomberg.com', 'Male', '33-(474)918-3849', 'Aix-en-Provence', 'https://robohash.org/optionihilenim.bmp?size=150x150&set=set1'),
(800, 2, 3, 'Russell', 'Jenkins', 'rjenkinsm7@europa.eu', 'Male', '33-(601)689-5323', 'Clermont-Ferrand', 'https://robohash.org/quiseteaque.png?size=150x150&set=set1'),
(801, 2, 1, 'Timothy', 'Clark', 'tclarkm8@exblog.jp', 'Male', '7-(673)778-3779', 'Kapshagay', 'https://robohash.org/nullanesciuntnon.jpg?size=150x150&set=set1'),
(802, 4, 3, 'David', 'Hudson', 'dhudsonm9@cnbc.com', 'Male', '20-(100)229-3192', 'Ashm?n', 'https://robohash.org/adporrosunt.png?size=150x150&set=set1'),
(803, 3, 1, 'Amy', 'Crawford', 'acrawfordma@sakura.ne.jp', 'Female', '86-(367)389-4227', 'Xiyang', 'https://robohash.org/consequatursapientevel.png?size=150x150&set=set1'),
(804, 3, 2, 'Raymond', 'King', 'rkingmb@linkedin.com', 'Male', '43-(496)846-5959', 'Klagenfurt am Wörthersee', 'https://robohash.org/aliasanimiquo.jpg?size=150x150&set=set1'),
(805, 4, 4, 'Gary', 'Boyd', 'gboydmc@addthis.com', 'Male', '998-(564)749-5440', 'Bektemir', 'https://robohash.org/etistesit.jpg?size=150x150&set=set1'),
(806, 5, 5, 'Keith', 'Shaw', 'kshawmd@unesco.org', 'Male', '54-(668)768-1549', 'Esperanza', 'https://robohash.org/itaquealiasea.jpg?size=150x150&set=set1'),
(807, 2, 3, 'Ruth', 'Bailey', 'rbaileyme@amazon.co.jp', 'Female', '351-(909)460-7278', 'Castelo', 'https://robohash.org/itaqueiustonam.png?size=150x150&set=set1'),
(808, 3, 4, 'Debra', 'Jordan', 'djordanmf@indiatimes.com', 'Female', '86-(473)653-9984', 'Xiqi', 'https://robohash.org/nullasuntquibusdam.png?size=150x150&set=set1'),
(809, 1, 1, 'Raymond', 'Ramirez', 'rramirezmg@ebay.co.uk', 'Male', '62-(399)342-9920', 'Padas', 'https://robohash.org/illumestquisquam.png?size=150x150&set=set1'),
(810, 4, 4, 'Jeffrey', 'Payne', 'jpaynemh@dropbox.com', 'Male', '357-(578)680-9666', 'Perivólia', 'https://robohash.org/eaquelaborumipsum.png?size=150x150&set=set1'),
(811, 3, 5, 'Kimberly', 'Thompson', 'kthompsonmi@shop-pro.jp', 'Female', '86-(876)160-9623', 'Labao', 'https://robohash.org/etconsequunturvoluptas.jpg?size=150x150&set=set1'),
(812, 4, 5, 'Sarah', 'Mcdonald', 'smcdonaldmj@blogger.com', 'Female', '30-(783)886-6000', 'Kavallári', 'https://robohash.org/architectoanimiratione.bmp?size=150x150&set=set1'),
(813, 3, 5, 'Helen', 'Diaz', 'hdiazmk@arizona.edu', 'Female', '86-(396)387-5553', 'Anding', 'https://robohash.org/veniamlaboriosamrerum.jpg?size=150x150&set=set1'),
(814, 3, 5, 'Jeremy', 'Campbell', 'jcampbellml@cmu.edu', 'Male', '380-(467)154-6481', 'Nemyriv', 'https://robohash.org/voluptateofficiisaut.jpg?size=150x150&set=set1'),
(815, 3, 5, 'Susan', 'Sanchez', 'ssanchezmm@samsung.com', 'Female', '351-(442)417-6167', 'Lomba do Loução', 'https://robohash.org/etmolestiaeautem.bmp?size=150x150&set=set1'),
(816, 1, 1, 'Johnny', 'Romero', 'jromeromn@github.com', 'Male', '84-(449)915-4974', 'Va?n Gia?', 'https://robohash.org/animidoloresex.jpg?size=150x150&set=set1'),
(817, 3, 3, 'John', 'Carr', 'jcarrmo@amazon.co.uk', 'Male', '675-(413)114-5627', 'Lae', 'https://robohash.org/corporisdoloresnumquam.bmp?size=150x150&set=set1'),
(818, 3, 4, 'Beverly', 'Kennedy', 'bkennedymp@businesswire.com', 'Female', '86-(661)480-1411', 'Jinchuan', 'https://robohash.org/sitnumquamvel.jpg?size=150x150&set=set1'),
(819, 2, 2, 'Roger', 'Cox', 'rcoxmq@shutterfly.com', 'Male', '86-(811)929-6212', 'Guiping', 'https://robohash.org/excepturiestnon.jpg?size=150x150&set=set1'),
(820, 4, 2, 'Lisa', 'Gonzales', 'lgonzalesmr@ted.com', 'Female', '33-(430)303-6949', 'Besançon', 'https://robohash.org/aliquamrecusandaeut.bmp?size=150x150&set=set1'),
(821, 1, 4, 'Emily', 'Bradley', 'ebradleyms@paypal.com', 'Female', '86-(873)142-2882', 'Wuyanquan', 'https://robohash.org/laboriosameoslaudantium.bmp?size=150x150&set=set1'),
(822, 4, 2, 'Amanda', 'Fuller', 'afullermt@de.vu', 'Female', '63-(659)313-9594', 'Tubod', 'https://robohash.org/reprehenderitarchitectoexcepturi.jpg?size=150x150&set=set1'),
(823, 2, 3, 'Walter', 'Carr', 'wcarrmu@hud.gov', 'Male', '33-(629)822-2167', 'Besançon', 'https://robohash.org/errornullaatque.jpg?size=150x150&set=set1'),
(824, 2, 1, 'Samuel', 'Moreno', 'smorenomv@taobao.com', 'Male', '63-(258)931-1797', 'Cawayan Bugtong', 'https://robohash.org/sitcorruptidolore.bmp?size=150x150&set=set1'),
(825, 1, 1, 'Irene', 'Diaz', 'idiazmw@zimbio.com', 'Female', '51-(768)316-1125', 'Chacapalpa', 'https://robohash.org/maximeminimaillo.jpg?size=150x150&set=set1'),
(826, 5, 4, 'Gary', 'Bryant', 'gbryantmx@dedecms.com', 'Male', '54-(374)177-4728', 'La Calera', 'https://robohash.org/porroquidemsequi.png?size=150x150&set=set1'),
(827, 1, 3, 'Jeremy', 'Clark', 'jclarkmy@ebay.com', 'Male', '1-(414)996-1030', 'Milwaukee', 'https://robohash.org/voluptatemeossed.png?size=150x150&set=set1'),
(828, 1, 5, 'Harry', 'Montgomery', 'hmontgomerymz@blogtalkradio.com', 'Male', '60-(745)441-0800', 'Kuala Terengganu', 'https://robohash.org/etcupiditateprovident.png?size=150x150&set=set1'),
(829, 2, 5, 'Louise', 'Cook', 'lcookn0@wikipedia.org', 'Female', '93-(992)435-7545', 'Sar Chak?n', 'https://robohash.org/praesentiumiureexpedita.jpg?size=150x150&set=set1'),
(830, 2, 4, 'Chris', 'Coleman', 'ccolemann1@dmoz.org', 'Male', '55-(929)484-3340', 'Viçosa do Ceará', 'https://robohash.org/molestiaeautvelit.jpg?size=150x150&set=set1'),
(831, 1, 2, 'Stephen', 'Wheeler', 'swheelern2@tripadvisor.com', 'Male', '242-(370)926-0267', 'Mbandaka', 'https://robohash.org/adipiscienimratione.jpg?size=150x150&set=set1'),
(832, 5, 5, 'Jennifer', 'Fuller', 'jfullern3@miitbeian.gov.cn', 'Female', '63-(566)594-8611', 'Kinalaglagan', 'https://robohash.org/nullaquamenim.jpg?size=150x150&set=set1'),
(833, 2, 2, 'Harry', 'Perez', 'hperezn4@123-reg.co.uk', 'Male', '46-(731)248-1871', 'Vänersborg', 'https://robohash.org/maioresquisconsequatur.jpg?size=150x150&set=set1'),
(834, 2, 4, 'Carol', 'Johnson', 'cjohnsonn5@dion.ne.jp', 'Female', '86-(313)426-9677', 'Caohezhang', 'https://robohash.org/omnispossimustotam.bmp?size=150x150&set=set1'),
(835, 4, 1, 'Martin', 'Ryan', 'mryann6@instagram.com', 'Male', '375-(427)551-3908', 'Karma', 'https://robohash.org/iuresimiliquevoluptas.png?size=150x150&set=set1'),
(836, 2, 1, 'Anthony', 'Flores', 'afloresn7@ft.com', 'Male', '86-(492)789-5100', 'Tadianjie', 'https://robohash.org/impeditexet.jpg?size=150x150&set=set1'),
(837, 1, 5, 'Andrea', 'Oliver', 'aolivern8@wordpress.com', 'Female', '57-(835)958-6320', 'Acacías', 'https://robohash.org/sedsimiliquererum.jpg?size=150x150&set=set1'),
(838, 3, 1, 'Kelly', 'Murphy', 'kmurphyn9@multiply.com', 'Female', '86-(348)387-0130', 'Yanweigang', 'https://robohash.org/nonquaeporro.bmp?size=150x150&set=set1'),
(839, 3, 1, 'Karen', 'Richardson', 'krichardsonna@etsy.com', 'Female', '81-(551)515-9406', 'Fukuoka-shi', 'https://robohash.org/atqueestquas.png?size=150x150&set=set1'),
(840, 3, 5, 'Gerald', 'Austin', 'gaustinnb@baidu.com', 'Male', '63-(412)191-9865', 'Cantoria', 'https://robohash.org/aspernaturautempariatur.png?size=150x150&set=set1'),
(841, 2, 5, 'Adam', 'Austin', 'aaustinnc@mac.com', 'Male', '86-(380)395-9106', 'Muyudian', 'https://robohash.org/velitetquia.jpg?size=150x150&set=set1'),
(842, 1, 2, 'Ernest', 'Watson', 'ewatsonnd@weebly.com', 'Male', '57-(530)123-1540', 'Pailitas', 'https://robohash.org/namexplicabofugit.jpg?size=150x150&set=set1'),
(843, 3, 2, 'Clarence', 'Williamson', 'cwilliamsonne@archive.org', 'Male', '53-(914)267-2525', 'Habana del Este', 'https://robohash.org/eadoloret.bmp?size=150x150&set=set1'),
(844, 1, 1, 'Brenda', 'Wagner', 'bwagnernf@gravatar.com', 'Female', '49-(464)409-1634', 'München', 'https://robohash.org/sitsuntfacilis.png?size=150x150&set=set1'),
(845, 1, 5, 'Andrea', 'Garza', 'agarzang@yale.edu', 'Female', '48-(520)304-6530', 'Mirzec', 'https://robohash.org/etaomnis.jpg?size=150x150&set=set1'),
(846, 5, 4, 'Nicholas', 'Cunningham', 'ncunninghamnh@drupal.org', 'Male', '56-(215)337-9884', 'Quilpué', 'https://robohash.org/perferendissaepeet.jpg?size=150x150&set=set1'),
(847, 2, 4, 'Antonio', 'Murphy', 'amurphyni@gizmodo.com', 'Male', '55-(471)242-5610', 'Itapetininga', 'https://robohash.org/ipsamquivoluptatibus.jpg?size=150x150&set=set1'),
(848, 5, 3, 'Sandra', 'Brown', 'sbrownnj@creativecommons.org', 'Female', '54-(444)390-9332', 'San Salvador de Jujuy', 'https://robohash.org/etquolaboriosam.jpg?size=150x150&set=set1'),
(849, 2, 5, 'Diana', 'Riley', 'drileynk@zimbio.com', 'Female', '234-(995)674-2111', 'Okpoma', 'https://robohash.org/itaquenulladoloribus.jpg?size=150x150&set=set1'),
(850, 5, 3, 'Alan', 'Harris', 'aharrisnl@youtu.be', 'Male', '95-(715)174-3314', 'Kanbe', 'https://robohash.org/autodiosed.jpg?size=150x150&set=set1'),
(851, 2, 5, 'Brandon', 'Rose', 'brosenm@mysql.com', 'Male', '62-(921)376-0399', 'Kuwumkumambal', 'https://robohash.org/etsintconsectetur.png?size=150x150&set=set1'),
(852, 4, 3, 'Scott', 'Gomez', 'sgomeznn@dyndns.org', 'Male', '62-(531)804-9524', 'Datar', 'https://robohash.org/nostrumipsaid.bmp?size=150x150&set=set1'),
(853, 3, 1, 'Brandon', 'Barnes', 'bbarnesno@mapquest.com', 'Male', '351-(518)715-3990', 'Rates', 'https://robohash.org/maximeexpeditaunde.jpg?size=150x150&set=set1'),
(854, 5, 5, 'Sandra', 'Bishop', 'sbishopnp@sfgate.com', 'Female', '51-(107)300-2496', 'Pucacaca', 'https://robohash.org/ettemporaesse.bmp?size=150x150&set=set1'),
(855, 3, 3, 'Gregory', 'Ellis', 'gellisnq@rediff.com', 'Male', '994-(745)134-2584', 'Basqal', 'https://robohash.org/inconsecteturaperiam.bmp?size=150x150&set=set1'),
(856, 2, 4, 'Doris', 'Frazier', 'dfraziernr@walmart.com', 'Female', '86-(960)336-1787', 'Wenhe', 'https://robohash.org/quasimagnama.jpg?size=150x150&set=set1'),
(857, 3, 4, 'Andrew', 'Cole', 'acolens@blogtalkradio.com', 'Male', '86-(773)500-6006', 'Fengzhou', 'https://robohash.org/exercitationemculpaaperiam.bmp?size=150x150&set=set1'),
(858, 1, 3, 'Scott', 'Gibson', 'sgibsonnt@wsj.com', 'Male', '48-(521)248-0572', 'Tworków', 'https://robohash.org/nequemodisequi.jpg?size=150x150&set=set1'),
(859, 5, 4, 'Doris', 'Carr', 'dcarrnu@addtoany.com', 'Female', '263-(742)845-3280', 'Masvingo', 'https://robohash.org/utsintin.png?size=150x150&set=set1'),
(860, 5, 5, 'Evelyn', 'Johnston', 'ejohnstonnv@ebay.co.uk', 'Female', '86-(519)630-7039', 'Jiaobei', 'https://robohash.org/consequaturaliasincidunt.bmp?size=150x150&set=set1'),
(861, 5, 1, 'Gerald', 'Hughes', 'ghughesnw@so-net.ne.jp', 'Male', '62-(461)541-8139', 'Teminabuan', 'https://robohash.org/officiaitaquevoluptas.png?size=150x150&set=set1'),
(862, 1, 1, 'Deborah', 'Gomez', 'dgomeznx@weather.com', 'Female', '86-(126)570-4921', 'Kedian', 'https://robohash.org/autvelitut.bmp?size=150x150&set=set1'),
(863, 5, 3, 'William', 'Weaver', 'wweaverny@phpbb.com', 'Male', '51-(536)569-2580', 'La Tinguiña', 'https://robohash.org/eaperferendisvelit.bmp?size=150x150&set=set1'),
(864, 5, 4, 'Judith', 'Hamilton', 'jhamiltonnz@mapquest.com', 'Female', '62-(649)729-6049', 'Sidomulyo Kulon', 'https://robohash.org/rerumnonenim.png?size=150x150&set=set1'),
(865, 3, 4, 'Kathryn', 'Graham', 'kgrahamo0@wiley.com', 'Female', '86-(681)192-3084', 'Xiamayu', 'https://robohash.org/officiaaccusantiumprovident.jpg?size=150x150&set=set1'),
(866, 5, 1, 'Janice', 'Wallace', 'jwallaceo1@accuweather.com', 'Female', '55-(184)275-7621', 'Sinop', 'https://robohash.org/quireiciendisvero.jpg?size=150x150&set=set1'),
(867, 5, 5, 'Donald', 'Bishop', 'dbishopo2@amazon.co.uk', 'Male', '7-(803)694-4945', 'Dzerzhinskiy', 'https://robohash.org/quiexercitationemet.png?size=150x150&set=set1'),
(868, 4, 4, 'Carol', 'Parker', 'cparkero3@4shared.com', 'Female', '380-(383)489-0912', 'Obertyn', 'https://robohash.org/autemteneturquia.jpg?size=150x150&set=set1'),
(869, 4, 2, 'Frances', 'Schmidt', 'fschmidto4@studiopress.com', 'Female', '420-(702)622-2396', 'Líbeznice', 'https://robohash.org/abbeataepraesentium.jpg?size=150x150&set=set1'),
(870, 1, 1, 'Michelle', 'Duncan', 'mduncano5@seesaa.net', 'Female', '7-(379)980-3344', 'Panino', 'https://robohash.org/sitinventoredistinctio.bmp?size=150x150&set=set1'),
(871, 4, 5, 'Donald', 'Morales', 'dmoraleso6@php.net', 'Male', '48-(412)963-1314', 'Sabnie', 'https://robohash.org/aliasconsequunturquae.png?size=150x150&set=set1'),
(872, 2, 2, 'Jose', 'Riley', 'jrileyo7@techcrunch.com', 'Male', '86-(476)383-4107', 'Dongmazar', 'https://robohash.org/ametvoluptasnihil.bmp?size=150x150&set=set1'),
(873, 2, 4, 'Dorothy', 'King', 'dkingo8@nbcnews.com', 'Female', '33-(913)287-4002', 'Paris 07', 'https://robohash.org/accusantiumidqui.jpg?size=150x150&set=set1'),
(874, 5, 5, 'Bobby', 'Mills', 'bmillso9@t.co', 'Male', '380-(943)176-3076', 'Korosten’', 'https://robohash.org/facereetdeserunt.bmp?size=150x150&set=set1'),
(875, 3, 2, 'Marie', 'Knight', 'mknightoa@europa.eu', 'Female', '86-(338)869-5574', 'Fengcun', 'https://robohash.org/molestiaedolorumrerum.bmp?size=150x150&set=set1'),
(876, 5, 3, 'Victor', 'Sullivan', 'vsullivanob@alibaba.com', 'Male', '86-(251)832-3186', 'Huangpi', 'https://robohash.org/velcorruptiut.bmp?size=150x150&set=set1'),
(877, 4, 2, 'Marilyn', 'Black', 'mblackoc@sogou.com', 'Female', '51-(304)670-3274', 'Malvas', 'https://robohash.org/doloremesthic.png?size=150x150&set=set1'),
(878, 4, 5, 'Stephen', 'Mcdonald', 'smcdonaldod@seesaa.net', 'Male', '675-(287)475-5873', 'Kavieng', 'https://robohash.org/quiminuslaudantium.png?size=150x150&set=set1'),
(879, 2, 5, 'Edward', 'Duncan', 'eduncanoe@hp.com', 'Male', '86-(404)454-6147', 'Nehe', 'https://robohash.org/architectohicquas.jpg?size=150x150&set=set1'),
(880, 2, 5, 'Sandra', 'Schmidt', 'sschmidtof@mozilla.org', 'Female', '381-(582)180-6984', 'Novi Beograd', 'https://robohash.org/autemsedsunt.jpg?size=150x150&set=set1'),
(881, 1, 2, 'Henry', 'Collins', 'hcollinsog@discuz.net', 'Male', '86-(517)483-5453', 'Xibei', 'https://robohash.org/voluptatemsintitaque.bmp?size=150x150&set=set1'),
(882, 5, 1, 'Ruth', 'Hawkins', 'rhawkinsoh@nationalgeographic.com', 'Female', '62-(816)472-7062', 'Kawangkoan', 'https://robohash.org/temporequiharum.jpg?size=150x150&set=set1'),
(883, 2, 3, 'Mary', 'Ross', 'mrossoi@de.vu', 'Female', '63-(728)989-8888', 'Los Arcos', 'https://robohash.org/temporeetipsa.bmp?size=150x150&set=set1'),
(884, 3, 5, 'Douglas', 'Brown', 'dbrownoj@disqus.com', 'Male', '63-(843)535-9048', 'Liwan', 'https://robohash.org/laudantiumsitnon.jpg?size=150x150&set=set1'),
(885, 3, 5, 'Cheryl', 'Gibson', 'cgibsonok@jugem.jp', 'Female', '48-(663)706-5931', 'Krzepice', 'https://robohash.org/excepturivoluptateea.bmp?size=150x150&set=set1'),
(886, 2, 1, 'Karen', 'Watkins', 'kwatkinsol@dailymail.co.uk', 'Female', '1-(967)178-8499', 'Leone', 'https://robohash.org/omnisestmaiores.bmp?size=150x150&set=set1'),
(887, 1, 1, 'Gregory', 'Marshall', 'gmarshallom@scientificamerican.com', 'Male', '678-(969)682-1166', 'Lakatoro', 'https://robohash.org/placeatvitaevelit.jpg?size=150x150&set=set1'),
(888, 5, 3, 'Michael', 'Shaw', 'mshawon@buzzfeed.com', 'Male', '242-(531)154-2285', 'Brazzaville', 'https://robohash.org/quisveritatisenim.jpg?size=150x150&set=set1'),
(889, 3, 4, 'Anna', 'Ellis', 'aellisoo@twitter.com', 'Female', '420-(454)494-2251', 'Kvasice', 'https://robohash.org/expeditanesciunteum.jpg?size=150x150&set=set1'),
(890, 5, 1, 'Lisa', 'Garrett', 'lgarrettop@aol.com', 'Female', '54-(198)278-4320', 'Paraná', 'https://robohash.org/voluptatemeosnam.bmp?size=150x150&set=set1'),
(891, 3, 1, 'Michelle', 'Hayes', 'mhayesoq@mtv.com', 'Female', '48-(743)841-8736', 'Luzino', 'https://robohash.org/quidemfacerelibero.png?size=150x150&set=set1'),
(892, 2, 5, 'Joseph', 'Hicks', 'jhicksor@nps.gov', 'Male', '62-(325)144-3355', 'Gunung Talang', 'https://robohash.org/voluptatemsintvel.bmp?size=150x150&set=set1'),
(893, 1, 5, 'Jacqueline', 'Hill', 'jhillos@netvibes.com', 'Female', '374-(886)887-7847', 'Lanjaghbyur', 'https://robohash.org/enimanimiatque.png?size=150x150&set=set1'),
(894, 5, 2, 'Ruby', 'Campbell', 'rcampbellot@friendfeed.com', 'Female', '86-(144)811-4462', 'Jiazhi', 'https://robohash.org/aspernaturaccusamusfuga.jpg?size=150x150&set=set1'),
(895, 3, 2, 'Brenda', 'Bryant', 'bbryantou@bigcartel.com', 'Female', '351-(354)245-4194', 'Recarei', 'https://robohash.org/aspernaturipsumaut.jpg?size=150x150&set=set1'),
(896, 1, 3, 'Catherine', 'Armstrong', 'carmstrongov@printfriendly.com', 'Female', '62-(854)820-1204', 'Kalapanunggal', 'https://robohash.org/quaeratutqui.bmp?size=150x150&set=set1'),
(897, 1, 2, 'Richard', 'Elliott', 'relliottow@huffingtonpost.com', 'Male', '86-(970)342-3584', 'Wuhe Chengguanzhen', 'https://robohash.org/laborummolestiaeimpedit.jpg?size=150x150&set=set1'),
(898, 3, 4, 'Sarah', 'Reynolds', 'sreynoldsox@myspace.com', 'Female', '86-(803)810-9299', 'Donghai', 'https://robohash.org/nemoofficiisodio.bmp?size=150x150&set=set1'),
(899, 2, 1, 'Russell', 'Martin', 'rmartinoy@ovh.net', 'Male', '976-(282)878-1375', 'Havirga', 'https://robohash.org/reiciendisnonid.bmp?size=150x150&set=set1'),
(900, 1, 2, 'Ruby', 'Cook', 'rcookoz@squidoo.com', 'Female', '63-(356)323-3368', 'Pigcawayan', 'https://robohash.org/voluptatibusquiaeius.png?size=150x150&set=set1'),
(901, 1, 1, 'Catherine', 'Lane', 'clanep0@vk.com', 'Female', '52-(944)926-0687', 'El Paraiso', 'https://robohash.org/etveritatisprovident.bmp?size=150x150&set=set1');
INSERT INTO `train_data` (`id`, `group_id`, `topic_id`, `first_name`, `last_name`, `email`, `gender`, `phone_no`, `place`, `image`) VALUES
(902, 5, 5, 'Paula', 'Coleman', 'pcolemanp1@digg.com', 'Female', '7-(191)396-3673', 'Podkamennaya Tunguska', 'https://robohash.org/voluptasvelitcorporis.png?size=150x150&set=set1'),
(903, 1, 3, 'Karen', 'Day', 'kdayp2@skyrock.com', 'Female', '57-(482)806-4217', 'Alcalá', 'https://robohash.org/delectusminimarerum.bmp?size=150x150&set=set1'),
(904, 3, 2, 'Johnny', 'Burns', 'jburnsp3@intel.com', 'Male', '86-(405)226-6024', 'Derbur', 'https://robohash.org/etutoptio.bmp?size=150x150&set=set1'),
(905, 3, 1, 'Kevin', 'James', 'kjamesp4@newsvine.com', 'Male', '504-(758)330-0561', 'Lepaterique', 'https://robohash.org/situllamnatus.png?size=150x150&set=set1'),
(906, 1, 1, 'Jesse', 'Washington', 'jwashingtonp5@spotify.com', 'Male', '31-(266)267-0557', 'Breda', 'https://robohash.org/estautsed.png?size=150x150&set=set1'),
(907, 1, 4, 'Christopher', 'Cook', 'ccookp6@dot.gov', 'Male', '55-(651)256-1829', 'Formosa', 'https://robohash.org/dolorumomnisimpedit.jpg?size=150x150&set=set1'),
(908, 5, 2, 'Bobby', 'Henry', 'bhenryp7@1und1.de', 'Male', '62-(479)144-9129', 'Pasongsongan', 'https://robohash.org/delectusasperioresaut.png?size=150x150&set=set1'),
(909, 3, 4, 'Aaron', 'Carpenter', 'acarpenterp8@google.co.jp', 'Male', '86-(657)125-6416', 'Fangtian', 'https://robohash.org/quiaatsed.jpg?size=150x150&set=set1'),
(910, 2, 5, 'Michael', 'Bowman', 'mbowmanp9@cbc.ca', 'Male', '62-(101)271-3278', 'Bojongnangka', 'https://robohash.org/excepturitotamet.jpg?size=150x150&set=set1'),
(911, 5, 1, 'Matthew', 'Harris', 'mharrispa@sogou.com', 'Male', '46-(296)634-8872', 'Herrljunga', 'https://robohash.org/ipsamimpeditsint.png?size=150x150&set=set1'),
(912, 4, 3, 'Nicole', 'Roberts', 'nrobertspb@cam.ac.uk', 'Female', '46-(172)684-2562', 'Nol', 'https://robohash.org/accusantiumcumratione.bmp?size=150x150&set=set1'),
(913, 1, 1, 'Michael', 'Diaz', 'mdiazpc@1und1.de', 'Male', '86-(422)773-4573', 'Nanhai', 'https://robohash.org/ealaudantiumnam.png?size=150x150&set=set1'),
(914, 1, 3, 'Howard', 'Lawson', 'hlawsonpd@biblegateway.com', 'Male', '43-(527)776-3272', 'Schäffern', 'https://robohash.org/quaeitaquepariatur.png?size=150x150&set=set1'),
(915, 2, 5, 'Martin', 'Hernandez', 'mhernandezpe@google.co.jp', 'Male', '84-(519)281-4436', 'Cam Ranh', 'https://robohash.org/teneturatquebeatae.bmp?size=150x150&set=set1'),
(916, 4, 3, 'Barbara', 'Castillo', 'bcastillopf@dedecms.com', 'Female', '7-(191)347-0628', 'Vodnyy', 'https://robohash.org/utmaximevelit.jpg?size=150x150&set=set1'),
(917, 1, 2, 'Brandon', 'Bishop', 'bbishoppg@mashable.com', 'Male', '66-(933)165-2002', 'Soeng Sang', 'https://robohash.org/magninonplaceat.bmp?size=150x150&set=set1'),
(918, 3, 1, 'Ann', 'Lane', 'alaneph@aboutads.info', 'Female', '86-(812)490-1730', 'Qingyun', 'https://robohash.org/etvelitvoluptatem.png?size=150x150&set=set1'),
(919, 5, 2, 'Debra', 'Day', 'ddaypi@chicagotribune.com', 'Female', '232-(121)344-3433', 'Waterloo', 'https://robohash.org/quisutfacilis.png?size=150x150&set=set1'),
(920, 3, 2, 'Gerald', 'Sanders', 'gsanderspj@aboutads.info', 'Male', '7-(565)232-4575', 'Pyra', 'https://robohash.org/rationequodnecessitatibus.jpg?size=150x150&set=set1'),
(921, 1, 4, 'Clarence', 'Griffin', 'cgriffinpk@usgs.gov', 'Male', '63-(676)174-5326', 'Santo Domingo', 'https://robohash.org/omnisautemmodi.jpg?size=150x150&set=set1'),
(922, 3, 5, 'Sean', 'Turner', 'sturnerpl@pbs.org', 'Male', '86-(143)149-4883', 'Huanggang', 'https://robohash.org/quasieosquos.bmp?size=150x150&set=set1'),
(923, 2, 3, 'Rachel', 'Fernandez', 'rfernandezpm@statcounter.com', 'Female', '264-(656)229-7956', 'Katima Mulilo', 'https://robohash.org/nonconsequunturillum.bmp?size=150x150&set=set1'),
(924, 2, 1, 'Jeremy', 'Boyd', 'jboydpn@i2i.jp', 'Male', '221-(629)309-9736', 'Tiébo', 'https://robohash.org/velprovidentminima.png?size=150x150&set=set1'),
(925, 2, 1, 'Justin', 'Ramos', 'jramospo@usa.gov', 'Male', '62-(637)722-3493', 'Maurisu', 'https://robohash.org/quibusdamvoluptatemautem.png?size=150x150&set=set1'),
(926, 2, 5, 'Julie', 'Walker', 'jwalkerpp@biglobe.ne.jp', 'Female', '55-(175)735-2674', 'Matias Olímpio', 'https://robohash.org/autlaboriosamerror.jpg?size=150x150&set=set1'),
(927, 4, 4, 'Russell', 'Diaz', 'rdiazpq@tmall.com', 'Male', '57-(722)486-8826', 'Santa Lucía', 'https://robohash.org/estoptiout.png?size=150x150&set=set1'),
(928, 1, 1, 'Kathy', 'Johnson', 'kjohnsonpr@dion.ne.jp', 'Female', '86-(543)762-4817', 'Xiling', 'https://robohash.org/perspiciatisetrerum.bmp?size=150x150&set=set1'),
(929, 5, 3, 'Joe', 'Sanchez', 'jsanchezps@alexa.com', 'Male', '98-(792)916-6027', 'N?kshahr', 'https://robohash.org/assumendasitad.png?size=150x150&set=set1'),
(930, 1, 1, 'Paula', 'Scott', 'pscottpt@naver.com', 'Female', '1-(330)650-8333', 'Akron', 'https://robohash.org/nesciuntsapientead.jpg?size=150x150&set=set1'),
(931, 1, 3, 'Robin', 'Smith', 'rsmithpu@stumbleupon.com', 'Female', '33-(277)887-6687', 'Vichy', 'https://robohash.org/voluptasetsunt.png?size=150x150&set=set1'),
(932, 1, 4, 'Walter', 'Jordan', 'wjordanpv@jiathis.com', 'Male', '62-(646)156-7410', 'Pulaupanggung', 'https://robohash.org/quiainciduntmagni.jpg?size=150x150&set=set1'),
(933, 2, 2, 'Howard', 'Williamson', 'hwilliamsonpw@youtube.com', 'Male', '20-(713)581-8220', 'Al Jam?l?yah', 'https://robohash.org/quiadolorumlaudantium.png?size=150x150&set=set1'),
(934, 2, 4, 'Donna', 'Perry', 'dperrypx@simplemachines.org', 'Female', '63-(212)274-0462', 'Palagao Norte', 'https://robohash.org/ipsamcumullam.png?size=150x150&set=set1'),
(935, 5, 5, 'Russell', 'Cox', 'rcoxpy@meetup.com', 'Male', '256-(696)875-0936', 'Pallisa', 'https://robohash.org/veniamillout.jpg?size=150x150&set=set1'),
(936, 2, 2, 'Donald', 'Roberts', 'drobertspz@apache.org', 'Male', '62-(586)200-8427', 'Pagelaran', 'https://robohash.org/doloreestvoluptatum.jpg?size=150x150&set=set1'),
(937, 4, 5, 'Betty', 'Baker', 'bbakerq0@google.co.uk', 'Female', '63-(263)766-9955', 'Tingloy', 'https://robohash.org/reiciendisadipiscinostrum.png?size=150x150&set=set1'),
(938, 4, 1, 'Robin', 'Stewart', 'rstewartq1@theatlantic.com', 'Female', '850-(538)738-4774', 'Kujang-?p', 'https://robohash.org/aliquiddoloremin.jpg?size=150x150&set=set1'),
(939, 1, 3, 'Patrick', 'Bradley', 'pbradleyq2@nationalgeographic.com', 'Male', '62-(699)627-6990', 'Barubandung', 'https://robohash.org/utquibusdamesse.jpg?size=150x150&set=set1'),
(940, 2, 5, 'Carolyn', 'Ramos', 'cramosq3@nifty.com', 'Female', '86-(910)936-4535', 'Beixiang', 'https://robohash.org/voluptatemadeos.jpg?size=150x150&set=set1'),
(941, 3, 1, 'Ralph', 'Diaz', 'rdiazq4@scribd.com', 'Male', '57-(218)462-5234', 'Nocaima', 'https://robohash.org/dolorpossimusmollitia.bmp?size=150x150&set=set1'),
(942, 1, 2, 'Barbara', 'Peterson', 'bpetersonq5@friendfeed.com', 'Female', '359-(604)940-6118', 'Stamboliyski', 'https://robohash.org/esseaspernaturrepellendus.png?size=150x150&set=set1'),
(943, 1, 4, 'Tina', 'Banks', 'tbanksq6@google.com', 'Female', '48-(373)408-1861', 'Karnice', 'https://robohash.org/eosestvitae.jpg?size=150x150&set=set1'),
(944, 2, 1, 'Sarah', 'Hudson', 'shudsonq7@who.int', 'Female', '30-(489)376-6413', 'Skoútari', 'https://robohash.org/eligendimolestiaslaborum.png?size=150x150&set=set1'),
(945, 1, 2, 'Samuel', 'Dunn', 'sdunnq8@seesaa.net', 'Male', '48-(858)511-0080', 'S?o?sk', 'https://robohash.org/corruptiidperspiciatis.jpg?size=150x150&set=set1'),
(946, 5, 2, 'Dennis', 'Black', 'dblackq9@yandex.ru', 'Male', '86-(447)450-1552', 'Pengshi', 'https://robohash.org/necessitatibusautvoluptatem.bmp?size=150x150&set=set1'),
(947, 4, 4, 'Joan', 'Kelley', 'jkelleyqa@edublogs.org', 'Female', '86-(568)524-3772', 'Jinqiao', 'https://robohash.org/optiolaboriosamvelit.jpg?size=150x150&set=set1'),
(948, 4, 1, 'Wanda', 'Cole', 'wcoleqb@hud.gov', 'Female', '62-(516)865-2384', 'Sumberan', 'https://robohash.org/quiconsequuntursint.jpg?size=150x150&set=set1'),
(949, 1, 4, 'Marie', 'Reed', 'mreedqc@nhs.uk', 'Female', '48-(436)219-8833', 'Wola Uhruska', 'https://robohash.org/exercitationemetfugiat.bmp?size=150x150&set=set1'),
(950, 3, 4, 'Jennifer', 'Mason', 'jmasonqd@nymag.com', 'Female', '27-(580)618-5048', 'Pofadder', 'https://robohash.org/estanimirepudiandae.png?size=150x150&set=set1'),
(951, 5, 5, 'Jerry', 'Cunningham', 'jcunninghamqe@sciencedirect.com', 'Male', '86-(179)195-4078', 'Huafeng', 'https://robohash.org/teneturnullaqui.bmp?size=150x150&set=set1'),
(952, 2, 1, 'Philip', 'Tucker', 'ptuckerqf@bravesites.com', 'Male', '993-(305)917-2880', 'Gumdag', 'https://robohash.org/evenietfugiatneque.jpg?size=150x150&set=set1'),
(953, 5, 3, 'James', 'Lewis', 'jlewisqg@friendfeed.com', 'Male', '30-(374)411-0130', 'Néo Psychikó', 'https://robohash.org/accusantiumvoluptatemconsectetur.png?size=150x150&set=set1'),
(954, 2, 1, 'Wanda', 'Edwards', 'wedwardsqh@spiegel.de', 'Female', '506-(389)114-2535', 'Curridabat', 'https://robohash.org/cumprovidentest.png?size=150x150&set=set1'),
(955, 1, 2, 'Deborah', 'Lawson', 'dlawsonqi@umn.edu', 'Female', '63-(264)874-3616', 'Padang', 'https://robohash.org/animinisidolore.png?size=150x150&set=set1'),
(956, 2, 1, 'Jeremy', 'Garza', 'jgarzaqj@tuttocitta.it', 'Male', '27-(248)595-0198', 'Middelburg', 'https://robohash.org/eosvoluptasesse.png?size=150x150&set=set1'),
(957, 4, 5, 'Patrick', 'Carter', 'pcarterqk@vistaprint.com', 'Male', '33-(608)220-8581', 'Vénissieux', 'https://robohash.org/exsitquidem.jpg?size=150x150&set=set1'),
(958, 3, 5, 'Michael', 'Mason', 'mmasonql@themeforest.net', 'Male', '970-(437)374-3347', 'Salf?t', 'https://robohash.org/voluptatesconsequatureaque.bmp?size=150x150&set=set1'),
(959, 5, 4, 'Betty', 'Elliott', 'belliottqm@topsy.com', 'Female', '351-(449)710-4893', 'Antes', 'https://robohash.org/temporesitvoluptatem.jpg?size=150x150&set=set1'),
(960, 2, 1, 'Ruth', 'Kelly', 'rkellyqn@marriott.com', 'Female', '86-(867)281-7555', 'Xinsheng', 'https://robohash.org/voluptassaepeblanditiis.bmp?size=150x150&set=set1'),
(961, 1, 5, 'Michael', 'Richardson', 'mrichardsonqo@baidu.com', 'Male', '86-(815)709-2159', 'Guling', 'https://robohash.org/blanditiismolestiaslabore.bmp?size=150x150&set=set1'),
(962, 5, 3, 'Justin', 'Gomez', 'jgomezqp@edublogs.org', 'Male', '46-(720)397-9725', 'Emmaboda', 'https://robohash.org/iustoplaceatvoluptate.jpg?size=150x150&set=set1'),
(963, 1, 3, 'Jason', 'Gomez', 'jgomezqq@uiuc.edu', 'Male', '212-(332)711-6535', 'Taounza', 'https://robohash.org/aetquibusdam.jpg?size=150x150&set=set1'),
(964, 3, 3, 'Bruce', 'Brown', 'bbrownqr@soup.io', 'Male', '46-(408)195-6767', 'Falun', 'https://robohash.org/temporequiaaut.jpg?size=150x150&set=set1'),
(965, 1, 4, 'Gloria', 'Garcia', 'ggarciaqs@slashdot.org', 'Female', '31-(932)751-6371', 'Emmeloord', 'https://robohash.org/quiautprovident.jpg?size=150x150&set=set1'),
(966, 2, 2, 'Victor', 'Robinson', 'vrobinsonqt@goo.ne.jp', 'Male', '48-(157)668-3146', 'Dobra', 'https://robohash.org/remnesciuntqui.bmp?size=150x150&set=set1'),
(967, 3, 5, 'Douglas', 'Rose', 'drosequ@cbc.ca', 'Male', '33-(337)664-0764', 'Amiens', 'https://robohash.org/doloresilloet.bmp?size=150x150&set=set1'),
(968, 3, 3, 'Ruth', 'Hicks', 'rhicksqv@tuttocitta.it', 'Female', '7-(188)955-5149', 'Bylym', 'https://robohash.org/perspiciatislaborummollitia.jpg?size=150x150&set=set1'),
(969, 1, 1, 'Dennis', 'Griffin', 'dgriffinqw@xinhuanet.com', 'Male', '351-(235)946-4830', 'São Manços', 'https://robohash.org/voluptasnulladolorum.bmp?size=150x150&set=set1'),
(970, 3, 2, 'Jerry', 'Holmes', 'jholmesqx@usda.gov', 'Male', '380-(559)471-8983', 'Slatyne', 'https://robohash.org/autnihilnisi.bmp?size=150x150&set=set1'),
(971, 2, 5, 'Jack', 'Lawson', 'jlawsonqy@apache.org', 'Male', '7-(604)401-2839', 'Oster', 'https://robohash.org/eoscorruptimagnam.jpg?size=150x150&set=set1'),
(972, 3, 3, 'Timothy', 'Tucker', 'ttuckerqz@wunderground.com', 'Male', '63-(696)283-0397', 'Damatulan', 'https://robohash.org/omnislaborenihil.png?size=150x150&set=set1'),
(973, 4, 4, 'Victor', 'Ryan', 'vryanr0@artisteer.com', 'Male', '237-(723)234-1115', 'Foumban', 'https://robohash.org/quiafacilisadipisci.bmp?size=150x150&set=set1'),
(974, 1, 4, 'Anthony', 'Schmidt', 'aschmidtr1@ow.ly', 'Male', '351-(755)483-5544', 'Moreira de Geraz do Lima', 'https://robohash.org/officiisipsamcommodi.bmp?size=150x150&set=set1'),
(975, 4, 2, 'Scott', 'Daniels', 'sdanielsr2@lulu.com', 'Male', '66-(256)576-9812', 'Khu Khan', 'https://robohash.org/nulladolorumearum.bmp?size=150x150&set=set1'),
(976, 3, 1, 'Gregory', 'Cunningham', 'gcunninghamr3@ft.com', 'Male', '7-(683)353-4978', 'Khoroshëvo-Mnevniki', 'https://robohash.org/aliquidasperioresquia.png?size=150x150&set=set1'),
(977, 3, 5, 'Amy', 'Anderson', 'aandersonr4@squidoo.com', 'Female', '261-(584)543-9408', 'Antsohimbondrona', 'https://robohash.org/sitveritatisfugiat.jpg?size=150x150&set=set1'),
(978, 4, 3, 'Julia', 'Lawson', 'jlawsonr5@cnbc.com', 'Female', '86-(941)628-4903', 'Xian’an', 'https://robohash.org/facereveniamcommodi.jpg?size=150x150&set=set1'),
(979, 5, 2, 'Kelly', 'Harrison', 'kharrisonr6@elegantthemes.com', 'Female', '380-(756)290-7768', 'Dmytrivka', 'https://robohash.org/autodioaut.bmp?size=150x150&set=set1'),
(980, 5, 3, 'Bonnie', 'Rice', 'bricer7@miibeian.gov.cn', 'Female', '380-(232)827-0031', 'Kamionka Strumitowa', 'https://robohash.org/exliberoalias.jpg?size=150x150&set=set1'),
(981, 5, 5, 'Randy', 'Mitchell', 'rmitchellr8@reddit.com', 'Male', '33-(962)312-5783', 'Saint-Claude', 'https://robohash.org/quodsedquia.bmp?size=150x150&set=set1'),
(982, 4, 5, 'Catherine', 'Boyd', 'cboydr9@oakley.com', 'Female', '86-(177)572-1262', 'Zhongxin', 'https://robohash.org/assumendadictaea.png?size=150x150&set=set1'),
(983, 1, 5, 'Peter', 'Perkins', 'pperkinsra@walmart.com', 'Male', '48-(317)226-3203', 'Kurz?tnik', 'https://robohash.org/facilisveroest.png?size=150x150&set=set1'),
(984, 1, 1, 'Marie', 'Miller', 'mmillerrb@github.io', 'Female', '1-(916)271-5145', 'Sacramento', 'https://robohash.org/veniamillumsapiente.jpg?size=150x150&set=set1'),
(985, 1, 4, 'Jennifer', 'Cole', 'jcolerc@newyorker.com', 'Female', '381-(972)507-9624', 'Ba?ka Palanka', 'https://robohash.org/consequunturdebitissit.bmp?size=150x150&set=set1'),
(986, 2, 1, 'Jose', 'Young', 'jyoungrd@berkeley.edu', 'Male', '86-(658)367-0977', 'Juancheng', 'https://robohash.org/corporisetsimilique.jpg?size=150x150&set=set1'),
(987, 2, 3, 'Steven', 'Rice', 'sricere@who.int', 'Male', '62-(305)348-4636', 'Babagan', 'https://robohash.org/similiquesedadipisci.jpg?size=150x150&set=set1'),
(988, 3, 5, 'Anne', 'Walker', 'awalkerrf@kickstarter.com', 'Female', '86-(248)274-0254', 'Yanwukou', 'https://robohash.org/quisquibusdamitaque.jpg?size=150x150&set=set1'),
(989, 3, 4, 'Jacqueline', 'Butler', 'jbutlerrg@youku.com', 'Female', '992-(766)515-0365', 'Chkalov', 'https://robohash.org/sapienteveniameos.jpg?size=150x150&set=set1'),
(990, 1, 3, 'Carolyn', 'Perry', 'cperryrh@geocities.com', 'Female', '7-(258)248-6737', 'Peterhof', 'https://robohash.org/laboriosametquos.jpg?size=150x150&set=set1'),
(991, 3, 2, 'Judith', 'Thompson', 'jthompsonri@quantcast.com', 'Female', '63-(469)649-0761', 'Tangub', 'https://robohash.org/repellataexercitationem.bmp?size=150x150&set=set1'),
(992, 3, 5, 'Ashley', 'Burton', 'aburtonrj@ning.com', 'Female', '351-(371)938-3687', 'Santa Cruz', 'https://robohash.org/quamcupiditatesed.png?size=150x150&set=set1'),
(993, 3, 1, 'Janet', 'Henderson', 'jhendersonrk@nytimes.com', 'Female', '1-(814)839-3839', 'Erie', 'https://robohash.org/magnametmolestiae.bmp?size=150x150&set=set1'),
(994, 2, 5, 'Stephen', 'Perkins', 'sperkinsrl@alexa.com', 'Male', '62-(282)380-8017', 'Bunisari', 'https://robohash.org/delectusatinventore.png?size=150x150&set=set1'),
(995, 5, 1, 'Bruce', 'Fox', 'bfoxrm@shinystat.com', 'Male', '1-(804)992-8625', 'Albanel', 'https://robohash.org/etmodiconsequatur.jpg?size=150x150&set=set1'),
(996, 4, 3, 'Paul', 'Mills', 'pmillsrn@army.mil', 'Male', '7-(315)414-0712', 'Maykopskoye', 'https://robohash.org/quasieiusminus.jpg?size=150x150&set=set1'),
(997, 1, 1, 'Robin', 'George', 'rgeorgero@cmu.edu', 'Female', '1-(510)378-8273', 'Richmond', 'https://robohash.org/laboreetet.bmp?size=150x150&set=set1'),
(998, 1, 2, 'Alice', 'Oliver', 'aoliverrp@elegantthemes.com', 'Female', '55-(774)402-5383', 'Nepomuceno', 'https://robohash.org/idnatuscorporis.png?size=150x150&set=set1'),
(999, 4, 1, 'Stephen', 'Owens', 'sowensrq@fastcompany.com', 'Male', '7-(706)339-2444', 'Severo-Yeniseyskiy', 'https://robohash.org/voluptasutlabore.bmp?size=150x150&set=set1'),
(1000, 3, 3, 'Julie', 'Watkins', 'jwatkinsrr@cnbc.com', 'Female', '48-(259)550-0379', 'Giza?ki', 'https://robohash.org/similiqueimpeditab.png?size=150x150&set=set1');

--
-- Indexes for dumped tables
--

--
-- Indexes for table `group_data`
--
ALTER TABLE `group_data`
  ADD PRIMARY KEY (`id`);

--
-- Indexes for table `topic_data`
--
ALTER TABLE `topic_data`
  ADD PRIMARY KEY (`id`);

--
-- Indexes for table `train_data`
--
ALTER TABLE `train_data`
  ADD PRIMARY KEY (`id`),
  ADD KEY `fk_groupID` (`group_id`),
  ADD KEY `fk_topicID` (`topic_id`);

--
-- Constraints for dumped tables
--

--
-- Constraints for table `train_data`
--
ALTER TABLE `train_data`
  ADD CONSTRAINT `fk_groupID` FOREIGN KEY (`group_id`) REFERENCES `group_data` (`id`) ON DELETE CASCADE,
  ADD CONSTRAINT `fk_topicID` FOREIGN KEY (`topic_id`) REFERENCES `topic_data` (`id`) ON DELETE CASCADE;

/*!40101 SET CHARACTER_SET_CLIENT=@OLD_CHARACTER_SET_CLIENT */;
/*!40101 SET CHARACTER_SET_RESULTS=@OLD_CHARACTER_SET_RESULTS */;
/*!40101 SET COLLATION_CONNECTION=@OLD_COLLATION_CONNECTION */;
